Date,Close/Last,Open,High,Low,DailyIncreasingRate,DailyFlucRange,DailyFlucRate,OpenLastCloseRate
2020-04-20,2.1522099999999997,2.31716,2.20125,2.11754,-7.619767097474828,0.08370999999999995,3.889490337838778,-0.5395475012125951
2020-04-19,2.32973,2.3526700000000003,2.3311900000000003,2.22391,-0.4916198253916648,0.10728000000000026,4.604825451876409,0.4882028326869639
2020-04-18,2.34124,2.11781,2.3673900000000003,2.30072,10.408767660762464,0.06667000000000023,2.8476362952965193,-0.12779884179352188
2020-04-17,2.12052,2.11036,2.12488,2.08588,0.3896245307225765,0.039000000000000146,1.8391715239658264,-0.09137002968343405
2020-04-16,2.1122900000000002,1.9040400000000002,2.14388,2.1003700000000003,10.39631644689738,0.043509999999999494,2.059849736541833,-0.48762131736150555
2020-04-15,1.91337,1.97343,1.9134799999999998,1.84536,-2.9475318035181663,0.06811999999999996,3.5602105186137525,0.0989104632053137
2020-04-14,1.97148,1.9315099999999998,1.9765,1.93113,1.5813148254061327,0.04536999999999991,2.3013167772434877,-0.47815580253404016
2020-04-13,1.9407900000000002,1.93261,1.94642,1.91491,1.4532224423546403,0.03151000000000015,1.6235656614059297,1.025619579820059
2020-04-12,1.9129900000000002,1.91903,1.99996,1.90183,0.11251596156665045,0.09813000000000005,5.1296661247575805,0.42860731406082764
2020-04-11,1.91084,1.9811,1.99089,1.89599,-4.530079789758712,0.09489999999999998,4.966402210546146,-1.0197301037716324
2020-04-10,2.0015099999999997,2.07627,2.012,1.9058099999999998,-1.452964520290323,0.10619000000000023,5.30549435176443,2.2279445795708455
2020-04-09,2.0310200000000003,2.12236,2.11338,2.0276,-3.433290700493985,0.08577999999999975,4.223493614046131,0.9095534011972106
2020-04-08,2.10323,1.9885099999999998,2.15881,2.09655,3.3208392487829475,0.06225999999999976,2.960208821669516,-2.3147625059563897
2020-04-07,2.03563,1.92619,2.0503299999999998,1.9251200000000002,6.73507482251281,0.1252099999999996,6.150921336392154,0.9967596136704556
2020-04-06,1.9071799999999999,1.6779400000000002,1.98453,1.88405,12.959167959819462,0.1004799999999999,5.268511624492702,-0.6183442116111173
2020-04-05,1.68838,1.6946400000000001,1.6927299999999998,1.66225,-0.1330864825538347,0.03047999999999984,1.8052808017152442,0.23718968668486254
2020-04-04,1.6906299999999999,1.66708,1.70605,1.6854799999999999,1.9047274612273402,0.0205700000000002,1.216706198281126,0.485223293129111
2020-04-03,1.65903,1.6981099999999998,1.68745,1.65672,-1.8726082250442255,0.030729999999999924,1.852287179858105,0.43887406916699906
2020-04-02,1.6906900000000002,1.61782,1.7021099999999998,1.65999,4.7697246114567715,0.04211999999999971,2.4912905381826183,0.25407133827429745
2020-04-01,1.61372,1.5795299999999999,1.6304299999999998,1.59653,1.8306188513986799,0.03389999999999982,2.1007361871947934,-0.3268736866682348
2020-03-31,1.58471,1.59809,1.61562,1.56461,-0.18895138280919932,0.05101,3.2188854743139124,0.6537717845198466
2020-03-30,1.58771,1.51314,1.6309200000000001,1.58771,4.980196906882495,0.04321000000000019,2.7215297503952356,0.04959038343284658
2020-03-29,1.51239,1.5742200000000002,1.52741,1.4666700000000001,-3.5785326294851316,0.060739999999999794,4.016159852947969,0.36339989289266555
2020-03-28,1.5685200000000001,1.58626,1.57807,1.55436,-0.05798283453226638,0.02371000000000012,1.5116160456991379,1.0723638518443082
2020-03-27,1.5694299999999999,1.75465,1.61089,1.53957,-10.852660338882936,0.07131999999999983,4.544325009716893,-0.33172582633244535
2020-03-26,1.76049,1.72642,1.7782200000000001,1.74216,0.6040276126908717,0.0360600000000002,2.0482933728677923,-1.3429185334186748
2020-03-25,1.7499200000000001,1.68878,1.75813,1.71148,4.383097516165213,0.04665000000000008,2.6658361525098333,0.7360836057359521
2020-03-24,1.6764400000000002,1.6731,1.76072,1.6692099999999999,1.4695913228743196,0.0915100000000002,5.458590823411527,1.2674317257408594
2020-03-23,1.6521599999999999,1.50359,1.7086,1.64763,8.291493517559601,0.06096999999999997,3.6903205500677885,-1.446587050850126
2020-03-22,1.52566,1.69428,1.5301200000000001,1.4445700000000001,-10.334937790550736,0.08555000000000001,5.6074092523891315,-0.42491669164447154
2020-03-21,1.7015099999999999,1.7186700000000001,1.7015099999999999,1.62638,-0.208789081973193,0.07512999999999992,4.415489770850593,0.7976212120323539
2020-03-20,1.70507,1.61976,1.7508299999999999,1.62893,5.8063915606577865,0.1218999999999999,7.149266599025253,0.512565932361164
2020-03-19,1.6115,1.36842,1.6958,1.60103,17.385255275598578,0.09477000000000002,5.8808563450201685,-0.3212342387622666
2020-03-18,1.37283,1.40436,1.42734,1.35655,-2.030985734573143,0.07079000000000013,5.1565015333289725,0.2190838441721648
2020-03-17,1.40129,1.4094200000000001,1.41412,1.36376,-0.5154236626317865,0.05035999999999996,3.593831398211645,0.061765645522001235
2020-03-16,1.40855,1.45747,1.4713100000000001,1.2891700000000001,-3.9659921457401603,0.18213999999999997,12.931028362500442,-0.6306588851314484
2020-03-15,1.46672,1.5626,1.54423,1.46528,-6.618194783118037,0.07895000000000008,5.382758808770595,-0.5137934766691935
2020-03-14,1.57067,1.78098,1.60212,1.5579399999999999,-12.112649260830166,0.04418000000000011,2.8128123666970217,-0.3446848036527729
2020-03-13,1.7871400000000002,1.4913100000000001,1.82055,1.7093599999999998,22.616809605488864,0.11119000000000012,6.221672616582927,2.3197255574614144
2020-03-12,1.4575,2.3096400000000004,1.68258,0.97445,-36.62299487331121,0.7081299999999999,48.58524871355059,0.4309201514960682
2020-03-11,2.29973,2.62644,2.51505,2.29438,-12.496575550955802,0.22067000000000014,9.595474251325163,-0.0654450261779999
2020-03-10,2.62816,2.5197,2.67322,2.57863,4.9023286260547305,0.09459000000000017,3.599095945452339,0.5731756967118029
2020-03-09,2.5053400000000003,2.5258,2.59354,2.47757,0.049518789185731826,0.1159699999999999,4.628912642595412,0.8665788107503536
2020-03-08,2.5041,2.85601,2.64948,2.4809900000000003,-12.568782994888405,0.1684899999999998,6.7285651531488275,-0.28176587246166385
2020-03-07,2.86408,3.1551400000000003,2.97927,2.79651,-8.775349647565456,0.18276000000000003,6.381106672997962,0.4952876012473022
2020-03-06,3.13959,3.06685,3.16684,3.10011,1.8897499805280882,0.06673000000000018,2.1254367608509446,-0.47089596801411
2020-03-05,3.0813599999999997,3.12977,3.1065400000000003,3.02973,6.980522862201832,0.07681000000000049,2.4927304826440433,8.661250564177344
2020-03-04,2.8803,2.76232,2.91131,2.71619,0.46424996250422623,0.19511999999999974,6.774294344339123,-3.65086728589915
2020-03-03,2.86699,2.72963,2.87213,2.71619,5.574049388353308,0.15593999999999975,5.439153955891013,0.5159042870504658
2020-03-02,2.71562,2.647,2.78579,2.70017,2.905712141996397,0.08562000000000003,3.1528711675418513,0.30542566333450216
2020-03-01,2.6389400000000003,2.72246,2.63895,2.56144,-3.2458652157493884,0.07750999999999975,2.937164164399332,-0.18368671332775072
2020-02-29,2.7274700000000003,2.86481,2.78457,2.6936400000000003,-4.49767500490209,0.09092999999999973,3.333858850876443,0.3112832292220937
2020-02-28,2.8559200000000002,2.8273200000000003,2.8660400000000004,2.7451,0.7898247421952664,0.12094000000000049,4.234712456931584,-0.21951340019904048
2020-02-27,2.83354,2.8012599999999996,2.9060099999999998,2.79067,1.691788687912732,0.11533999999999978,4.07052662041121,0.5333046224518968
2020-02-26,2.7864,2.69854,2.8282700000000003,2.55983,3.299856527977041,0.26844000000000046,9.633936261843255,0.04263380527102067
2020-02-25,2.69739,3.0335799999999997,2.82925,2.60149,-10.99632092125452,0.22775999999999996,8.443717816111128,0.09667893026247357
2020-02-24,3.03065,3.25012,3.16743,3.01673,-6.445249796261088,0.15070000000000006,4.972530645241122,0.32968661250091996
2020-02-23,3.23944,3.3789999999999996,3.465,3.2032700000000003,-4.110635199256429,0.2617299999999996,8.079482873583075,0.020424413390116223
2020-02-22,3.37831,3.3746300000000002,3.4269199999999995,3.26684,0.10815904417036393,0.16007999999999933,4.738463906509448,-0.0008889784452286288
2020-02-21,3.37466,3.63236,3.4098300000000004,3.31544,-6.759318100185119,0.0943900000000002,2.797022514860762,0.3608432569833904
2020-02-20,3.6193,3.74669,3.67979,3.45455,-3.512349875368237,0.22524000000000033,6.223302848617145,-0.11623412111275887
2020-02-19,3.75105,3.38915,3.82311,3.45937,10.795882500627684,0.36373999999999995,9.697018168246222,0.10633427360399485
2020-02-18,3.38555,3.22395,3.4592300000000002,3.33304,20.29512821697217,0.12619000000000025,3.7273116628022107,14.553168204607056
2020-02-17,2.8143700000000003,3.08094,3.16945,2.7381,-2.358492202543061,0.4313499999999997,15.326698337460948,6.889864173330783
2020-02-16,2.88235,3.2076,3.16945,2.8599200000000002,-10.087281484346722,0.30952999999999964,10.738806876333534,0.05864517175548338
2020-02-15,3.20572,3.34055,3.21138,3.08108,-4.64445277316724,0.13030000000000008,4.064609510499984,-0.6338752952234823
2020-02-14,3.36186,3.00317,3.43373,3.29809,11.870328836593291,0.13563999999999998,4.034671283158727,-0.06555435021331689
2020-02-13,3.0051400000000004,3.08996,3.02218,2.9187,-3.189912891088076,0.10348000000000024,3.4434335837931087,-0.457450646873865
2020-02-12,3.10416,2.8988099999999997,3.2778699999999996,3.10416,6.962912935160515,0.1737099999999998,5.596038863976078,-0.11302199449364476
2020-02-11,2.9020900000000003,2.4210700000000003,2.9173400000000003,2.76441,19.924047703662097,0.15293000000000045,5.269650493265213,0.0466953726125564
2020-02-10,2.41994,2.54948,2.50255,2.4053299999999997,-5.2070806582395495,0.09722000000000008,4.017454978222604,-0.13279172069083048
2020-02-09,2.55287,2.22045,2.5935900000000003,2.48976,15.318802936194231,0.10383000000000031,4.067187126645709,0.3026538678712559
2020-02-08,2.21375,2.02661,2.21409,2.1452400000000003,9.483726427924966,0.06884999999999986,3.1101072840203208,0.22848777689304223
2020-02-07,2.02199,2.07113,2.11357,1.9376900000000001,-2.3098850130447213,0.17588000000000004,8.698361515141025,0.0642574161754892
2020-02-06,2.0698,2.14178,2.0996099999999998,2.05533,-3.260483463889774,0.04427999999999965,2.139337134022594,0.10375965151712917
2020-02-05,2.13956,1.8603,2.1895700000000002,2.07458,15.23145280732463,0.11499000000000015,5.37446951709698,0.19119429110004926
2020-02-04,1.85675,1.8855400000000002,1.90018,1.85526,-2.0050244360703906,0.04492000000000007,2.4192810017503743,-0.48555474629763845
2020-02-03,1.89474,1.8885,1.9737900000000002,1.89159,0.2290508408228975,0.08220000000000005,4.338326102789831,-0.10103628313433892
2020-02-02,1.89041,1.6974099999999999,1.8938099999999998,1.8188799999999998,11.452996492055533,0.07492999999999994,3.9636904163647015,0.07428588273441716
2020-02-01,1.69615,1.61481,1.70721,1.66123,5.005262180399939,0.04597999999999991,2.710845149308723,-0.03033492230544663
2020-01-31,1.6153,1.67261,1.63693,1.6107,-3.405013634406562,0.026229999999999976,1.623846963412368,0.022126010620470708
2020-01-30,1.6722400000000002,1.5683200000000002,1.6736900000000001,1.62121,6.423302849214996,0.05248000000000008,3.1383055063866476,-0.19028708529824326
2020-01-29,1.57131,1.5403,1.57728,1.53896,2.0370923542475827,0.03831999999999991,2.4387294677689257,0.023377534189652716
2020-01-28,1.5399399999999999,1.48291,1.5477100000000001,1.5253299999999999,3.7730381751406528,0.02238000000000029,1.4533033754562055,-0.07008322382830633
2020-01-27,1.48395,1.4572,1.49445,1.4726700000000001,1.8776603048194618,0.02177999999999991,1.467704437481041,0.04119181655912097
2020-01-26,1.4566,1.42324,1.4731,1.45335,2.1988970433464816,0.019750000000000156,1.3558972950707233,-0.14172852672494218
2020-01-25,1.42526,1.42584,1.4573,1.41426,-0.2861440514919322,0.04303999999999997,3.019799896159295,-0.24556616643928378
2020-01-24,1.42935,1.45797,1.4601899999999999,1.41584,-1.9972848444956504,0.04434999999999989,3.1028089691118264,-0.03496791179858554
2020-01-23,1.45848,1.5404,1.51839,1.45741,-5.798767648844505,0.06097999999999981,4.1810652185837185,-0.5076666709725742
2020-01-22,1.54826,1.51013,1.56325,1.50319,2.557546451164172,0.06006,3.8791934171263227,0.03179544927632471
2020-01-21,1.50965,1.50264,1.51043,1.49429,0.6849497792420944,0.016140000000000043,1.0691219819163411,0.21742320158999323
2020-01-20,1.49938,1.38591,1.54383,1.48369,8.070433397481636,0.06014000000000008,4.010991209700014,-0.10811512098082449
2020-01-19,1.38741,1.44003,1.38896,1.3624100000000001,-3.5811083158435952,0.02654999999999985,1.9136376413605098,0.07575020501202522
2020-01-18,1.4389399999999999,1.38998,1.44397,1.4095600000000001,3.5350155776688874,0.03440999999999983,2.391343627948339,0.01223188781200333
2020-01-17,1.38981,1.4426700000000001,1.44682,1.38801,-3.69474683500447,0.05881000000000003,4.231513660140597,-0.03187516024196746
2020-01-16,1.44313,1.28305,1.50175,1.4273,12.41956843499259,0.0744499999999999,5.158925391336879,-0.05063488353977092
2020-01-15,1.2837,1.29233,1.3283,1.27509,-0.7499613421988571,0.05320999999999998,4.145049466386226,-0.08272769444874953
2020-01-14,1.2934,1.2825,1.38325,1.29336,0.5129002175940478,0.08989000000000003,6.949899489717026,-0.33416226297792745
2020-01-13,1.2868,1.2633,1.2993,1.25346,1.8110466726269925,0.04583999999999988,3.562325147653084,-0.04826293011369476
2020-01-12,1.26391,1.28453,1.27947,1.2621200000000001,-1.666498097764757,0.017349999999999977,1.37272432372558,-0.06224082531333681
2020-01-11,1.2853299999999999,1.30415,1.29293,1.27734,-1.4037725428227343,0.015589999999999993,1.212918083293784,0.03988861870316547
2020-01-10,1.3036299999999998,1.28096,1.3095,1.2833,1.7800957191820954,0.0262,2.0097727115822743,0.010149668574298347
2020-01-09,1.28083,1.33186,1.2817,1.25672,-3.7997025731925427,0.024980000000000002,1.9502978537354685,0.03304742305207943
2020-01-08,1.33142,1.31849,1.3337700000000001,1.30577,1.271002730640225,0.028000000000000025,2.1030178305868943,0.2875158780263248
2020-01-07,1.31471,1.28282,1.3171899999999999,1.27224,2.3694209985361647,0.04494999999999982,3.41900495166233,-0.11368237456004882
2020-01-06,1.2842799999999999,1.2635100000000001,1.29964,1.27749,1.6140772858182828,0.022149999999999892,1.7247017784283718,-0.02927493116433201
2020-01-05,1.26388,1.26304,1.26994,1.24648,0.10851399196836198,0.023460000000000036,1.8561888786910181,0.041979865506009406
2020-01-04,1.26251,1.27301,1.26389,1.23345,-0.8185838969935411,0.030440000000000023,2.4110700113266446,0.006284713220686135
2020-01-03,1.27293,1.26757,1.27789,1.27044,0.5608968028882222,0.007449999999999957,0.5852639186758076,0.13745921648247197
2020-01-02,1.26583,1.32124,1.28065,1.22824,-4.068176823214675,0.05241000000000007,4.140366399911525,0.13110927541284337
2020-01-01,1.31951,1.32355,1.33876,1.3134299999999999,-0.2343850416978599,0.025330000000000075,1.9196519920273492,0.07107159328902253
2019-12-31,1.32261,1.29398,1.34481,1.32103,2.2409981292806247,0.023780000000000134,1.797960094056459,0.027828883288749086
2019-12-30,1.29362,1.32779,1.30796,1.29158,-2.544090282433953,0.01638000000000006,1.2662141896383838,0.030134323748103868
2019-12-29,1.32739,1.31168,1.32794,1.29996,1.1614525778302909,0.027979999999999894,2.10789594618009,-0.03581907556300502
2019-12-28,1.31215,1.34721,1.33044,1.30988,-2.1703472853883854,0.020560000000000134,1.5668940288839033,0.4436127223655294
2019-12-27,1.3412600000000001,1.37537,1.3724100000000001,1.3368,-1.4837013206410732,0.03561000000000014,2.6549662257877022,1.0216972955503552
2019-12-26,1.3614600000000001,1.37579,1.3663299999999998,1.3430799999999998,-1.081846913939033,0.023249999999999993,1.7077255299457927,-0.04068732517164195
2019-12-25,1.37635,1.4182700000000001,1.39058,1.37635,-3.130564529183655,0.014229999999999965,1.0338939949867378,-0.1801763757803464
2019-12-24,1.42083,1.46815,1.42977,1.40995,-3.2369446184859374,0.01981999999999995,1.3949592843619538,-0.014301669890220617
2019-12-23,1.46836,1.46309,1.48435,1.45851,0.31837125093940877,0.025840000000000085,1.7597864283963118,-0.041675206668033024
2019-12-22,1.4637,1.4848,1.47117,1.43414,-1.6000000000000014,0.03703000000000012,2.5298900047824087,-0.18151260504202668
2019-12-21,1.4875,1.5401799999999999,1.48765,1.45197,-3.5099668528356776,0.035679999999999934,2.3986554621848692,-0.09276016631964402
2019-12-20,1.5416100000000001,1.49936,1.58179,1.5303,2.4781796547300283,0.051490000000000036,3.340014659998315,-0.3303796374465655
2019-12-19,1.50433,1.56031,1.5477299999999998,1.48316,-2.704782847718523,0.0645699999999998,4.29227629575956,0.9158231736894981
2019-12-18,1.54615,1.55797,1.55479,1.4842799999999998,-0.9608301572558764,0.07051000000000007,4.560359602884589,-0.2036959933382417
2019-12-17,1.56115,1.72442,1.58158,1.51662,-9.228604487548475,0.0649599999999999,4.161035134356077,0.2645548791478457
2019-12-16,1.71987,1.60286,1.72122,1.64779,7.319493064265514,0.07342999999999988,4.2695087419397915,0.018095933406958913
2019-12-15,1.60257,1.59693,1.64369,1.6018700000000001,0.3481506064457962,0.04181999999999997,2.609558396825098,-0.005009361243829407
2019-12-14,1.59701,1.68527,1.6258,1.5658100000000001,-5.300640417457303,0.059989999999999766,3.756394762712805,-0.06700664136621522
2019-12-13,1.6864,1.7072599999999998,1.73137,1.67619,-0.9107468123861651,0.05518000000000001,3.2720588235294126,0.31494212350900813
2019-12-12,1.7019,1.51395,1.79073,1.67334,12.4034079651278,0.11738999999999988,6.897585052000698,-0.009906875371514069
2019-12-11,1.5141,1.48725,1.5234,1.48568,2.075762989530161,0.0377200000000002,2.491248926755181,0.26562215585412574
2019-12-10,1.4833100000000001,1.48705,1.50124,1.43622,-0.35670621112170453,0.06501999999999986,4.38343973950151,-0.1054668081847665
2019-12-09,1.48862,1.54069,1.5320200000000002,1.4331200000000002,-3.6130068245684543,0.09889999999999999,6.643737152530531,-0.24151461390037898
2019-12-08,1.5444200000000001,1.4668,1.60753,1.53797,5.412525936442081,0.06955999999999984,4.503956177723666,0.11466637545048365
2019-12-07,1.46512,1.42018,1.46622,1.4157899999999999,3.0939731907258183,0.0504300000000002,3.4420388773615946,-0.06825458255637444
2019-12-06,1.42115,1.28473,1.4528299999999998,1.35713,10.60393804965367,0.0956999999999999,6.733983041902677,-0.013230601603237878
2019-12-05,1.2849,1.26565,1.29488,1.27883,1.6776133576006824,0.01605000000000012,1.2491244454821482,0.15430877581703697
2019-12-04,1.2637,1.26026,1.2637,1.23438,0.2840999269910771,0.029320000000000013,2.320170926643983,0.011110053010809045
2019-12-03,1.2601200000000001,1.21876,1.29454,1.2442,3.097540621471695,0.05034000000000005,3.9948576326064225,-0.28635478539754705
2019-12-02,1.2222600000000001,1.24385,1.24965,1.21815,-0.6656101426307348,0.03149999999999986,2.5771930685778686,1.089032467796323
2019-12-01,1.23045,1.29408,1.25756,1.22551,-6.058176820888683,0.03204999999999991,2.604738103945704,-1.2001832340815528
2019-11-30,1.3098,1.32387,1.32905,1.29057,-0.659840728100114,0.03848000000000007,2.937853107344638,0.4072810011376638
2019-11-29,1.3185,1.31164,1.32699,1.3030000000000002,0.7688545137721325,0.023989999999999734,1.8194918467955807,0.24456604811836
2019-11-28,1.30844,1.2369,1.3158100000000001,1.26977,6.661666884048523,0.04604000000000008,3.518694017303054,0.829855223685933
2019-11-27,1.22672,1.22123,1.26184,1.2237799999999999,1.6430660623586224,0.038060000000000205,3.102582496413216,1.1881778786799144
2019-11-26,1.20689,1.26675,1.23518,1.19915,-3.7667546426606413,0.036030000000000006,2.985359063377773,1.006275266519426
2019-11-25,1.25413,1.27352,1.27741,1.2217200000000001,-2.0998727586395316,0.055689999999999795,4.440528493856283,-0.5862470043636688
2019-11-24,1.28103,1.35426,1.31576,1.25433,-5.202983705063124,0.061430000000000096,4.795359983763073,0.21608181508724922
2019-11-23,1.35134,1.28177,1.4022,1.33945,6.655827499388334,0.06274999999999986,4.643539005727638,1.1649473958374523
2019-11-22,1.26701,1.2523600000000001,1.26714,1.21441,1.4720133266059587,0.052729999999999944,4.161766679031731,0.2987274052361575
2019-11-21,1.24863,1.20675,1.25689,1.21302,3.2531485417062855,0.043870000000000076,3.513450742013253,-0.21004060233690736
2019-11-20,1.20929,1.1936,1.21194,1.19666,-1.0967530874294584,0.01527999999999996,1.263551340042501,-2.3799787355851727
2019-11-19,1.2227,1.17361,1.23385,1.1466,1.5421922882080885,0.08724999999999983,7.135846896213286,-2.53461005040983
2019-11-18,1.20413,1.17286,1.21794,1.18688,2.6398786184322676,0.031060000000000088,2.579455706609759,-0.025571959494013346
2019-11-17,1.17316,1.16509,1.1733200000000001,1.15126,1.1100768779949588,0.02206000000000019,1.8803914214600048,0.41455510738787027
2019-11-16,1.16028,1.1594200000000001,1.16305,1.15221,-0.38975979121237403,0.01083999999999996,0.934257248250419,-0.4635909410895975
2019-11-15,1.16482,1.23316,1.16943,1.15307,-5.835084882780928,0.01635999999999993,1.4045088511529618,-0.31042845594179996
2019-11-14,1.237,1.1234899999999999,1.25929,1.21773,11.001435750179468,0.04156000000000004,3.359741309620051,0.8156855707106802
2019-11-13,1.1144,1.1438,1.12966,1.1144,-2.692885334078443,0.015260000000000051,1.3693467336683462,-0.1257378366106762
2019-11-12,1.14524,1.18892,1.16774,1.14031,-2.6495864537023572,0.027430000000000065,2.395131151549026,1.063404765345417
2019-11-11,1.17641,1.23279,1.1978,1.1721700000000002,-4.778054782101915,0.02562999999999982,2.1786622011033416,-0.214498478274932
2019-11-10,1.2354399999999999,1.22651,1.2433299999999998,1.21993,0.753547545261779,0.023399999999999865,1.8940620345787629,0.025281357038006234
2019-11-09,1.2262,1.19048,1.25734,1.2203899999999999,3.257208299649683,0.03695000000000004,3.0133746534007537,0.24925895984908475
2019-11-08,1.1875200000000001,1.20794,1.2013,1.14676,-2.4728365759713378,0.05454000000000003,4.592764753435734,-0.7958082504537485
2019-11-07,1.21763,1.03837,1.28339,1.19723,0.9459302614780007,0.08616000000000001,7.076041161929322,-13.915371988526143
2019-11-06,1.20622,0.91161,1.3400100000000001,1.01109,31.877767452030838,0.3289200000000001,27.268657458838362,-0.3323675722954061
2019-11-05,0.91465,0.8839899999999999,0.9238700000000001,0.9116799999999999,3.8313088886366087,0.012190000000000145,1.332750232329322,0.35077761380405564
2019-11-04,0.8809,0.8630899999999999,0.8883700000000001,0.87877,0.8691071898867531,0.009600000000000053,1.0897945283233117,-1.170260274129475
2019-11-03,0.87331,0.8646,0.8769299999999999,0.8618100000000001,1.3355766999303853,0.0151199999999998,1.7313439672052078,0.32490136922720175
2019-11-02,0.8618,0.87498,0.86526,0.8604700000000001,-1.4556390289641175,0.004789999999999961,0.5558134137850964,0.05145621076464632
2019-11-01,0.8745299999999999,0.8805,0.8809,0.87223,-0.7884467032717724,0.008670000000000067,0.9913896607320581,-0.11117665743975824
2019-10-31,0.8814799999999999,0.8902700000000001,0.88744,0.8786799999999999,0.040857090975099375,0.008760000000000101,0.9937831828288902,1.0384510622843643
2019-10-30,0.8811200000000001,0.8635,0.90194,0.8778,2.3071117561683785,0.02413999999999994,2.7396949337207115,0.26124818577649755
2019-10-29,0.86125,0.8573700000000001,0.8704700000000001,0.85375,0.3168206119762873,0.016720000000000068,1.9413642960812851,-0.13511467275457212
2019-10-28,0.8585299999999999,0.8694299999999999,0.8596600000000001,0.85446,-1.078477687264523,0.0052000000000000934,0.6056864640723205,0.17744184170804894
2019-10-27,0.8678899999999999,0.82319,0.87255,0.85883,5.436499258935301,0.013720000000000065,1.580845498853549,0.006074300847971729
2019-10-26,0.82314,0.89865,0.8388899999999999,0.8226,-6.519788768383405,0.016289999999999916,1.9790072162693972,2.0555334733972965
2019-10-25,0.88055,0.7622800000000001,0.9138,0.833,15.50923496694303,0.08079999999999998,9.176083129862016,-0.005247140308522534
2019-10-24,0.76232,0.75793,0.76349,0.7520899999999999,0.4652143544327192,0.011400000000000077,1.4954349879315874,-0.11333834130655014
2019-10-23,0.75879,0.82434,0.76054,0.75621,-7.852328617402393,0.004329999999999945,0.5706453696015954,0.10808185074988723
2019-10-22,0.82345,0.86436,0.83434,0.81589,-4.603853149364568,0.018449999999999966,2.2405731981298156,0.13554373892190646
2019-10-21,0.86319,0.88041,0.86656,0.86277,-2.0215664018160995,0.00378999999999996,0.4390690346273659,-0.0669693530079306
2019-10-20,0.8809999999999999,0.8601,0.88421,0.8719600000000001,2.1354541028078655,0.012249999999999983,1.3904653802497144,-0.28750956433025654
2019-10-19,0.8625799999999999,0.8728600000000001,0.8642,0.85857,-1.1131619071639176,0.005629999999999913,0.6526930835400674,0.06534524068831128
2019-10-18,0.87229,0.8932100000000001,0.87624,0.87213,-2.3606975754997817,0.004110000000000058,0.471173577594614,-0.019028856701503557
2019-10-17,0.89338,0.86606,0.8936700000000001,0.8903,2.454184729007536,0.003370000000000095,0.37721910049476093,-0.6789146540058173
2019-10-16,0.87198,0.9046,0.87218,0.86569,-3.5142850819926075,0.006489999999999996,0.7442831257597646,0.0951601124217111
2019-10-15,0.90374,0.93399,0.9058700000000001,0.90345,-3.4156246660254297,0.0024200000000000887,0.26777613030297304,-0.18275088169284912
2019-10-14,0.9357,0.90095,0.93875,0.93245,3.577674954061405,0.006299999999999972,0.6732927220262875,-0.26898979388517924
2019-10-13,0.90338,0.888,0.90581,0.8987700000000001,1.5227627749120787,0.007039999999999935,0.7792955345480236,-0.2056572603755647
2019-10-12,0.8898299999999999,0.9069799999999999,0.8917799999999999,0.88555,-2.1229087149252535,0.006229999999999958,0.7001337334097478,-0.2364898309372681
2019-10-11,0.9091299999999999,0.9056799999999999,0.9099200000000001,0.90397,0.06604074714098296,0.005950000000000011,0.6544718577101197,-0.3136935489196856
2019-10-10,0.90853,0.9350799999999999,0.91514,0.9045,-2.925494972807219,0.010639999999999983,1.171122582633483,-0.08868374095800968
2019-10-09,0.93591,0.89075,0.94284,0.9333799999999999,5.110005503082848,0.009460000000000135,1.0107809511598482,0.03818465650655394
2019-10-08,0.89041,0.90254,0.8977799999999999,0.89036,-1.4815224607213962,0.007419999999999871,0.833323974348881,-0.13941137419783567
2019-10-07,0.9038,0.8566,0.9038,0.89464,1.6522140117645634,0.009160000000000057,1.0134985616286851,-3.6564654542182677
2019-10-06,0.8891100000000001,0.91428,0.91091,0.8891100000000001,-1.5316632334374303,0.02179999999999993,2.4518900923395224,1.255897401820721
2019-10-05,0.90294,0.91505,0.91091,0.90104,-1.139760223353592,0.009870000000000045,1.0930958867698901,0.18612799036514313
2019-10-04,0.91335,0.9152399999999999,0.91889,0.9131,0.06135036536334404,0.005789999999999962,0.6339300377730291,0.2684078484645923
2019-10-03,0.91279,0.93966,0.93365,0.9097799999999999,-2.9225647952183964,0.023870000000000058,2.615059323612228,-0.06487498271772996
2019-10-02,0.94027,0.9211799999999999,0.9579700000000001,0.9375600000000001,2.0778826007187057,0.02041000000000004,2.1706531102768394,0.005428115466871614
2019-10-01,0.9211299999999999,0.90166,0.9488200000000001,0.9185399999999999,2.1990214243711836,0.030280000000000196,3.287266726737833,0.038832366222494086
2019-09-30,0.9013100000000001,0.8661,0.9018200000000001,0.8949,4.349688563688159,0.006920000000000037,0.767771355027686,0.27323037025031016
2019-09-29,0.86374,0.8858,0.87887,0.86274,-2.2874338205348788,0.01613000000000009,1.8674601153124888,0.2081542151228509
2019-09-28,0.8839600000000001,0.87672,0.8919600000000001,0.8820600000000001,0.8557150354836507,0.00990000000000002,1.119960179193631,0.02966478789677087
2019-09-27,0.87646,0.8395,0.88782,0.8759100000000001,6.283954210322085,0.011909999999999976,1.3588754763480335,1.8019984478075397
2019-09-26,0.8246399999999999,0.85354,0.8491,0.81315,-2.367872703163476,0.035949999999999926,4.359478075281326,1.05370335290775
2019-09-25,0.84464,0.90036,0.85482,0.8442299999999999,-6.335318318418237,0.0105900000000001,1.2537885963250734,-0.15635916031804367
2019-09-24,0.9017700000000001,1.04789,0.9026,0.86759,-14.411404599424827,0.035009999999999986,3.8823646827905103,-0.5428953787454511
2019-09-23,1.05361,1.05177,1.05881,1.04062,0.21496171588908375,0.01818999999999993,1.726445269122344,0.03994863746612327
2019-09-22,1.05135,1.06459,1.0526,1.04978,-1.2510918876271537,0.0028200000000000447,0.26822656584391924,-0.007514065391161582
2019-09-21,1.06467,1.06708,1.07028,1.06263,-0.3425907725141064,0.007649999999999935,0.7185325030291014,-0.11700504525754901
2019-09-20,1.06833,1.10996,1.07382,1.0566200000000001,-3.728034603947006,0.017199999999999882,1.6099894227438978,0.023429755789866544
2019-09-19,1.1097,1.07425,1.1155,1.09829,3.910332041125919,0.017209999999999948,1.5508696043975803,0.5908571642601681
2019-09-18,1.06794,1.11628,1.08899,1.06385,-3.9043308468231785,0.02513999999999994,2.3540648351030904,0.44541225378600513
2019-09-17,1.11133,0.9994700000000001,1.1144,1.09702,11.697070204532878,0.01737999999999995,1.5638919132930769,0.45429418563747725
2019-09-16,0.99495,1.00607,1.0028299999999999,0.9908100000000001,-1.0826771653543399,0.012019999999999809,1.2081009095934276,0.022866459874329163
2019-09-15,1.00584,0.99408,1.0077399999999999,0.99785,1.285911365764747,0.009889999999999843,0.9832577745963417,0.10170481436352365
2019-09-14,0.9930700000000001,0.9726899999999999,0.99874,0.9907100000000001,2.515742748012806,0.00802999999999987,0.8086036231081263,0.411892226695565
2019-09-13,0.9687,1.00892,0.98111,0.96826,-4.092907211595587,0.012850000000000028,1.3265200784556652,-0.11088669755653338
2019-09-12,1.01004,1.00148,1.01603,1.00471,0.8054133357286108,0.011319999999999997,1.1207476931606666,-0.0489036597902234
2019-09-11,1.00197,1.02155,1.0036100000000001,0.9990700000000001,-1.9512481529684655,0.0045399999999999885,0.45310737846442395,-0.03522815120706696
2019-09-10,1.02191,1.04112,1.03036,1.0163799999999998,-2.5564497673354225,0.013980000000000103,1.368026538540586,-0.7246929590357818
2019-09-09,1.04872,1.04568,1.10617,1.03483,-4.905605629205134,0.07134000000000018,6.802578381264797,-5.181262581382291
2019-09-08,1.1028200000000001,1.02249,1.10617,1.05996,7.702524537330957,0.046210000000000084,4.190167026350636,-0.14258508716246077
2019-09-07,1.02395,1.00071,1.03023,1.02005,2.62076568450591,0.010180000000000078,0.9941891693930444,0.2916416115453967
2019-09-06,0.9978,1.01203,1.00194,0.99159,-1.687801129141897,0.010350000000000081,1.037282020444987,-0.28573399150679385
2019-09-05,1.0149299999999999,1.0220200000000002,1.01653,1.00979,-0.5087636748618007,0.006739999999999968,0.6640852078468434,0.1862525977336012
2019-09-04,1.0201200000000001,1.02708,1.03731,1.01763,-16.504059717129373,0.01967999999999992,1.9291848017880167,-15.93438973284442
2019-08-16,1.22176,1.12011,1.2318799999999999,1.13586,3.6927646934012293,0.09601999999999977,7.8591540073336645,-4.934436664544883
2019-08-15,1.17825,1.13293,1.2257200000000001,1.17739,3.1968469454784376,0.048330000000000206,4.1018459579885596,-0.7724983577841077
2019-08-14,1.14175,1.24472,1.1680700000000002,1.13985,-9.267544521881476,0.028220000000000134,2.471644405517857,-1.0847366037016093
2019-08-13,1.25837,1.36995,1.2666,1.23855,-9.308627561205885,0.02804999999999991,2.229074119694518,-1.2669996324403747
2019-08-11,1.38753,1.37178,1.4133200000000001,1.37134,0.2485387510927639,0.04198000000000013,3.025520168933294,-0.8893930308000233
2019-08-10,1.38409,1.4221700000000002,1.40636,1.37418,0.37565903503491427,0.0321800000000001,2.3249933169085897,3.13726058988622
2019-08-06,1.37891,1.3962,1.45649,1.3760700000000001,-3.72622671544669,0.08041999999999994,5.832142779441727,-2.5190605188929465
2019-08-05,1.43228,1.45696,1.45649,1.4315200000000001,-1.3316248854719936,0.024969999999999937,1.7433742005753021,0.3685562926681385
2019-08-04,1.45161,1.42867,1.4636200000000001,1.43107,1.5957335125034167,0.03255000000000008,2.242337818008975,-0.009798363673268591
2019-08-03,1.4288100000000001,1.43684,1.43151,1.42119,-0.9339379316082752,0.010320000000000107,0.7222793793436569,-0.3771805752003849
2019-08-02,1.44228,1.3688200000000001,1.44228,1.41695,6.058578267359849,0.025330000000000075,1.7562470532767616,0.6566707601350186
2019-08-01,1.35989,1.26471,1.39856,1.35988,6.847431525684744,0.03868000000000005,2.8443477045937575,-0.6309222622059479
2019-07-31,1.27274,1.23324,1.2801200000000001,1.2600799999999999,2.6535682023486773,0.02004000000000028,1.5745556830146203,-0.5323267518389599
2019-07-30,1.23984,1.0017399999999999,1.24727,1.20799,23.215137541739537,0.039280000000000204,3.168150729126355,-0.4472094132612668
2019-07-29,1.00624,1.02168,1.01406,1.00496,-1.4996671756920765,0.009099999999999886,0.9043568134838493,0.01174674027956243
2019-07-28,1.02156,1.0093,1.02529,1.00862,0.884850878925536,0.016669999999999963,1.6318180038372647,-0.32589373888997225
2019-07-27,1.0126,1.04641,1.03063,1.00583,-3.1690477556562735,0.024799999999999933,2.4491408255974654,0.06406946277278965
2019-07-26,1.04574,1.01932,1.04948,1.0305,2.8370816902516305,0.018979999999999997,1.8149826916824447,0.2389638997334945
2019-07-25,1.01689,1.04641,1.0316299999999998,1.01457,-2.5827465632035085,0.017059999999999853,1.677664250803907,0.2452459644585063
2019-07-24,1.04385,1.03925,1.0497,1.00729,0.5306546988462335,0.04241000000000006,4.062844278392495,0.08763988674229697
2019-07-23,1.03834,1.09614,1.0667799999999998,1.03465,-5.304149566803462,0.03212999999999977,3.094362154978116,-0.03283173734611382
2019-07-22,1.0965,1.0790799999999998,1.1158,1.09614,1.4319809069212264,0.01966000000000001,1.7929776561787514,-0.17946013949790704
2019-07-21,1.08102,1.04675,1.08673,1.0752,3.9972293572686057,0.01153000000000004,1.0665852620673104,0.7003569126574074
2019-07-20,1.0394700000000001,0.9806600000000001,1.0467600000000001,1.03282,6.031580880102827,0.013940000000000063,1.3410680442918086,0.03264173654039394
2019-07-19,0.98034,0.9632799999999999,0.9804700000000001,0.97109,1.2538731667010916,0.009380000000000055,0.9568109023400101,-0.5081594711836435
2019-07-18,0.9682,0.93348,0.97556,0.96498,4.090738053002196,0.010580000000000034,1.0927494319355542,0.3580067731011067
2019-07-17,0.93015,0.85019,0.9350700000000001,0.9141100000000001,10.427153575838165,0.02095999999999998,2.2533999892490435,0.9343242473169261
2019-07-16,0.8423200000000001,0.9568700000000001,0.8725,0.8342299999999999,-12.401593227742126,0.03827000000000014,4.543403931997356,-0.4887839678858457
2019-07-15,0.96157,0.9126700000000001,0.97035,0.94883,5.412190309142728,0.021520000000000095,2.2380065933837465,0.05152378864285041
2019-07-14,0.9122,1.0039,0.93968,0.9010600000000001,-8.82649848577226,0.03861999999999988,4.233720675290493,0.3388271981289547
2019-07-13,1.00051,1.0763,1.00401,0.9939600000000001,-7.3069725212622005,0.010050000000000003,1.0044877112672541,-0.2853489966462202
2019-07-12,1.07938,1.0159,1.08653,1.06451,6.519164725851656,0.02201999999999993,2.040060034464223,0.2546086132712299
2019-07-11,1.01332,1.17604,1.0344200000000001,1.00179,-14.258395877579677,0.03263000000000016,3.2201081593179013,-0.4899181777412963
2019-07-10,1.18183,1.23345,1.18707,1.16385,-4.146930962886075,0.02322000000000002,1.9647495832733997,0.039741759667781554
2019-07-09,1.23296,1.24011,1.23658,1.2129299999999998,0.06898734690896635,0.02365000000000017,1.9181481962107585,0.6492926767902222
2019-07-08,1.23211,1.18917,1.2464600000000001,1.21197,3.8440792246101863,0.03449000000000013,2.7992630528118534,0.2250316055625748
2019-07-07,1.1865,1.22591,1.1966700000000001,1.18563,-2.364964945195991,0.01104000000000016,0.9304677623261828,0.8780158651789096
2019-07-06,1.2152399999999999,1.2680799999999999,1.22904,1.2062700000000002,-4.351727231942581,0.022769999999999735,1.8737039597116403,-0.19283291224922383
2019-07-05,1.27053,1.19659,1.28695,1.2490299999999999,5.224232887490166,0.037920000000000176,2.9845812377511884,-0.8994161248912891
2019-07-04,1.20745,1.19484,1.2326700000000002,1.2056799999999999,1.3046396509774238,0.02699000000000029,2.2352892459315328,0.24666498867354164
2019-07-03,1.1919,1.06199,1.22976,1.16683,9.85759712429144,0.06292999999999993,5.279805352798047,-2.116226554219097
2019-07-02,1.08495,0.90144,1.08507,1.0074,20.266705094665905,0.0776699999999999,7.158855246785557,-0.07537799849244156
2019-07-01,0.90212,0.96175,0.92953,0.88795,-4.885814899943075,0.04157999999999995,4.609142907817136,1.4012188178731746
2019-06-30,0.9484600000000001,1.04355,0.9611299999999999,0.9307,-8.922775547830753,0.030429999999999957,3.20835881323408,0.2083773454454671
2019-06-29,1.04138,1.00712,1.044,1.02015,3.188664288545362,0.02385000000000015,2.2902302713706955,-0.2061038446294175
2019-06-28,1.0092,1.0042200000000001,1.0209,0.9995700000000001,-1.0025308508759823,0.02132999999999985,2.1135552913198423,-1.4910439269388358
2019-06-27,1.01942,1.10439,1.03837,0.97364,-3.9949521585172842,0.06473000000000007,6.349689038865243,4.007195057635811
2019-06-26,1.06184,1.11279,1.0973600000000001,1.05552,-5.006262300948294,0.0418400000000001,3.940329993219327,-0.44820182501341554
2019-06-25,1.1178,1.17134,1.12095,1.10646,-4.500717654295682,0.014489999999999892,1.2962962962962867,0.07347413027134875
2019-06-24,1.17048,1.1759600000000001,1.17157,1.16144,-1.7154948736680442,0.010129999999999972,0.8654569065682433,-1.255342553173625
2019-06-23,1.1909100000000001,1.2398799999999999,1.194,1.16818,-2.9974505379934957,0.025819999999999954,2.1680899480229363,0.9912764415048986
2019-06-22,1.22771,1.19203,1.2428700000000001,1.22472,2.683963132098821,0.01815000000000011,1.4783621539288683,-0.3002626252488419
2019-06-21,1.1956200000000001,1.1601700000000001,1.1977799999999998,1.1425299999999998,3.2183987430288274,0.05525000000000002,4.621033438717989,0.15798470224633704
2019-06-20,1.15834,1.19965,1.1642700000000001,1.1302,-3.4499429038200247,0.034070000000000045,2.94127803580987,-0.0066681670042307815
2019-06-19,1.19973,1.23548,1.20403,1.1989299999999998,-2.900685513568646,0.0051000000000001044,0.4250956465204759,-0.007284087506183018
2019-06-18,1.23557,1.34054,1.24014,1.22468,-8.312617339101658,0.01546000000000003,1.2512443649489733,-0.5231561528358032
2019-06-17,1.34759,1.28129,1.34759,1.32702,4.887958343386867,0.020569999999999977,1.526428661536519,-0.27241806053906376
2019-06-16,1.2847899999999999,1.24217,1.30931,1.28295,3.1926685086422824,0.02635999999999994,2.051697164517154,-0.23051468225919877
2019-06-15,1.24504,1.2399200000000001,1.24832,1.23053,-0.010440341479489579,0.017790000000000195,1.428869755188604,-0.421629175132711
2019-06-14,1.24517,1.26296,1.24758,1.20751,-1.1542339109795074,0.04006999999999983,3.2180344852509957,0.2579958879424609
2019-06-13,1.25971,1.27531,1.27973,1.2576399999999999,-1.1883657813406945,0.022090000000000165,1.7535782045073995,0.0352979935051566
2019-06-12,1.27486,1.2497,1.28095,1.2568,1.9203095519810809,0.024150000000000116,1.8943256514440892,-0.09113875475679695
2019-06-11,1.25084,1.2842799999999999,1.2776299999999998,1.24504,-2.7491836417353532,0.0325899999999999,2.6054491381791354,-0.14927693982274481
2019-06-10,1.2862,1.2243700000000002,1.29454,1.28187,5.561209415317947,0.012669999999999959,0.9850723060177236,0.4866878959981791
2019-06-09,1.21844,1.2652299999999999,1.23081,1.19941,-3.8653022257639336,0.03139999999999987,2.577065756212852,-0.17357960597429287
2019-06-08,1.2674299999999998,1.30847,1.27081,1.2616399999999999,-1.7846349363792813,0.009170000000000122,0.7235113576292279,1.3956263657920496
2019-06-07,1.29046,1.31369,1.31552,1.29026,-2.0947294149779694,0.02526000000000006,1.957441532476796,-0.33230405061947016
2019-06-06,1.31807,1.19698,1.3342100000000001,1.3103,10.060204243522431,0.023910000000000098,1.8140159475596969,-0.050935629055018784
2019-06-05,1.19759,1.20039,1.20397,1.1816,-0.2332575246378421,0.02237,1.8679180687881498,0.0
2019-06-04,1.20039,1.3518700000000001,1.2426,1.20011,-11.471093640527153,0.04248999999999992,3.539682936379003,-0.2994254865663958
2019-06-03,1.3559299999999999,1.48159,1.3750799999999999,1.3281100000000001,-8.282714863566888,0.046969999999999734,3.464043129070066,0.21712956073539516
2019-06-02,1.47838,1.46497,1.49678,1.47662,1.1404450951282952,0.020159999999999956,1.363654811347553,0.22302645531603674
2019-06-01,1.46171,1.49195,1.47783,1.45405,-2.2228316855525843,0.023779999999999912,1.6268616893911865,-0.20000802707799817
2019-05-31,1.49494,1.51283,1.50309,1.47743,2.1057161005662017,0.025660000000000016,1.7164568477664666,3.327618826454288
2019-05-30,1.46411,1.53474,1.51604,1.46411,-5.816549053411634,0.05193000000000003,3.5468646481480235,-1.273053591760852
2019-05-29,1.55453,1.5756,1.58522,1.55285,-0.9922871645935749,0.03237000000000001,2.0823014029964044,0.34965703039912954
2019-05-28,1.5701100000000001,1.63758,1.5824200000000002,1.56387,-3.713810887549285,0.018550000000000066,1.1814458859570391,0.4237522000159426
2019-05-27,1.63067,1.65573,1.63875,1.61693,-0.9193097581723042,0.02181999999999995,1.338100290064817,0.6033539919795841
2019-05-26,1.6458,1.53546,1.67388,1.63943,7.0327640700805105,0.03445000000000009,2.093206951026862,-0.1430745418362954
2019-05-25,1.53766,1.54025,1.56247,1.53685,-0.18759533932686256,0.025619999999999976,1.6661680735663265,-0.01947356463601889
2019-05-24,1.54055,1.59307,1.54738,1.53835,-3.109453518575589,0.009029999999999871,0.586154295543791,0.19371191013779782
2019-05-23,1.58999,1.51538,1.61279,1.58782,4.08214030884444,0.024969999999999937,1.5704501286171573,-0.8018957470067931
2019-05-22,1.5276299999999998,1.62974,1.55149,1.52596,-6.209593742517372,0.025530000000000053,1.6712161976394844,0.059554142082670694
2019-05-21,1.62877,1.6125200000000002,1.6491200000000001,1.61922,1.1451069035539385,0.029900000000000038,1.835741080692795,0.13599696956526663
2019-05-20,1.6103299999999998,1.7100400000000002,1.63713,1.6051,-6.189086375737684,0.03203,1.9890333037327754,-0.38040977064727477
2019-05-19,1.7165700000000002,1.69777,1.8233599999999999,1.71185,1.0984027516019568,0.11150999999999978,6.496093954805208,-0.008834338484739829
2019-05-18,1.69792,1.67536,1.70262,1.61863,1.712663164263506,0.08399000000000001,4.946640595552205,0.361222766019899
2019-05-17,1.66933,1.65337,1.6869999999999998,1.6533099999999998,1.839334301296991,0.03369,2.0181749564196414,0.8656767408094382
2019-05-16,1.6391799999999999,1.8128099999999998,1.7109400000000001,1.63894,-9.466579770018447,0.07200000000000006,4.392440122500279,0.12316495266709863
2019-05-15,1.8105799999999999,1.60751,1.82598,1.7772599999999998,12.985416445656451,0.0487200000000001,2.690850445713534,0.3132624852573198
2019-05-14,1.60249,1.3564100000000001,1.62729,1.46256,17.937678471547592,0.16472999999999982,10.279627329967726,-0.17295180900231477
2019-05-13,1.35876,1.24433,1.37741,1.32208,9.20664518047596,0.0553300000000001,4.072095145573913,0.009644674130564612
2019-05-12,1.24421,1.2531,1.26075,1.2238200000000001,-1.6644668726833123,0.03692999999999991,2.9681484636837756,-0.9618500399124309
2019-05-11,1.2652700000000001,1.11578,1.27485,1.11028,12.673761075738032,0.1645700000000001,13.006710030270227,-0.638496816421025
2019-05-10,1.12295,1.09876,1.13083,1.11028,2.2173877424698896,0.020550000000000068,1.8300013357674048,0.015474380797204007
2019-05-09,1.09859,1.18964,1.1147799999999999,1.09043,-7.922153028639456,0.024349999999999872,2.2164774847759285,-0.29083655320968593
2019-05-08,1.1931100000000001,1.207,1.19831,1.16916,-1.494373395199844,0.02915000000000001,2.4431946760986,-0.347586297999525
2019-05-07,1.2112100000000001,1.27225,1.2186700000000001,1.17965,-4.526142374057041,0.039020000000000055,3.2215718166131433,0.28534718554662736
2019-05-06,1.26863,1.1549399999999999,1.2784,1.24823,9.547864532062222,0.03017000000000003,2.378155963519705,-0.26941609243046416
2019-05-05,1.15806,1.22133,1.19245,1.15806,-3.636333377712675,0.03438999999999992,2.969621608552227,1.628444947410472
2019-05-04,1.20176,1.1362700000000001,1.29177,1.20176,-6.317430620517617,0.09001000000000015,7.489848222606856,-11.422669161209841
2019-05-03,1.2828,1.1362700000000001,1.29177,1.20692,164.32589478889778,0.08485000000000009,6.614437168693491,134.1328223197544
2019-03-18,0.48531,0.48625,0.49317,0.48068999999999995,0.5011493300751901,0.012480000000000047,2.571552203746069,0.6958106401043778
2019-03-17,0.48289,0.45427,0.49927,0.48026,-1.7777596973333698,0.01900999999999997,3.9367143655905013,-7.5992107886011855
2019-03-16,0.49163,0.44615,0.50389,0.44523999999999997,10.295239377215438,0.05864999999999998,11.92970323210544,0.09198187284067427
2019-03-15,0.44573999999999997,0.4452100000000001,0.44802,0.44198000000000004,-0.02242957114659827,0.006039999999999934,1.3550500291649694,-0.14130629822354498
2019-03-14,0.44583999999999996,0.45101,0.44933999999999996,0.43378,-0.9838541319652783,0.015559999999999963,3.490041270410902,0.16434583694228316
2019-03-13,0.45027,0.45124,0.46088,0.44142,-1.187236657303381,0.019460000000000033,4.321851333644265,-0.974367977528102
2019-03-12,0.45568000000000003,0.4496600000000001,0.45946000000000004,0.43225,1.3478048129531794,0.027210000000000012,5.971295646067418,0.008896401405665014
2019-03-11,0.44961999999999996,0.45111,0.47221,0.44556,8.073936975698848,0.026650000000000007,5.927227436501937,8.432084224695334
2019-03-10,0.41603,0.40543,0.41702,0.41394,0.3642767538357683,0.003080000000000027,0.7403312261135079,-2.1928978095146165
2019-03-09,0.41452,0.40829,0.41541999999999996,0.40429,1.525876215435118,0.011129999999999973,2.6850332915178936,0.0
2019-03-08,0.40829,0.41062,0.41567,0.40743,,0.00823999999999997,2.0181733571725906,
