Date,Close/Last,Open,High,Low,LastClose,DailyRise,DailyRiseRate,DailyRippleRange,DailyRippleRadio,DailyK,MA5,MA15,MA30,EWMA,MACD,K,D,J,rs,rsi,MAD
2019-03-08,111.17,111.17,111.66,110.8,0.0,0.0,0.0,0.8599999999999994,100.77617328519854,0.0,0.0,0.0,0.0,111.17,0.0,43.023255813954044,43.023255813954044,43.02325581395404,,,
2019-03-10,111.17,111.15,111.66,110.8,111.17,0.0,0.0,0.8599999999999994,100.77617328519854,0.7735899973014296,0.0,0.0,0.0,111.17,0.0,43.023255813954044,43.023255813954044,43.02325581395404,,,
2019-03-11,111.22,111.19,111.25,111.18,111.17,0.04999999999999716,0.044976162633801525,0.06999999999999318,100.06296096420219,0.06296662768731957,0.0,0.0,0.0,111.19368421052631,0.009556768194668757,45.77723378213013,44.32777169361639,48.67615795915761,,,
2019-03-12,111.31,111.35,111.38,111.25,111.22,0.09000000000000341,0.08092069771624116,0.12999999999999545,100.11685393258428,0.11688545225678425,0.0,0.0,0.0,111.24200000000002,0.03331237212591785,51.395348837209795,47.263534507109036,59.65897749741133,,,
2019-03-13,111.22,111.35,111.47,111.14,111.31,-0.09000000000000341,-0.08085526906837069,0.3299999999999983,100.29692280007198,0.29646931991734643,111.218,0.0,0.0,111.23355450236967,0.01589054750902775,50.413314229031585,48.47269165154376,54.29455938400723,,,0.038399999999998616
2019-03-14,111.69,111.15,111.83,111.14,111.22,0.46999999999999886,0.42258586585146457,0.6899999999999977,100.62083858196868,0.62039201582449,111.322,0.0,0.0,111.40034586466165,0.14821043165184755,63.56617441096556,53.988054524535485,82.72241418382569,,,0.1471999999999838
2019-03-15,111.47,111.7,111.91,111.39,111.69,-0.21999999999999886,-0.19697376667561903,0.519999999999996,100.46682826106472,0.4655743575969165,111.38200000000002,0.0,0.0,111.42500728508986,0.1311954700000845,62.43113874176155,56.97737380299969,73.33866861928527,,,0.1583999999999975
2019-03-18,111.42,111.45,111.64,111.3,111.47,-0.04999999999999716,-0.044855117968957706,0.3400000000000034,100.30548068283917,0.30501480218893284,111.422,0.0,0.0,111.42327042030136,0.09667138960757357,60.15038637515175,58.07798894896266,64.29518122752991,,,0.12639999999999815
2019-05-03,111.11,111.11,111.64,111.06,111.42,-0.3100000000000023,-0.27822653024591837,0.5799999999999983,100.52224023050601,0.5205528630407452,111.38200000000002,0.0,0.0,111.31605810860155,-0.04008264452798738,49.12271176912004,55.01317367709644,37.34178795316724,,,0.17360000000000184
2019-05-05,110.52,111.09,110.85,110.3,111.11,-0.5900000000000034,-0.5310053100531036,0.5499999999999972,100.49864007252947,0.49500495004949796,111.242,0.0,0.0,111.04602257647566,-0.33427481620289756,37.09475679618792,48.93496257038516,13.414345247793449,,,0.3415999999999997
2019-05-06,110.72,110.76,110.86,110.59,110.52,0.20000000000000284,0.18096272167933664,0.269999999999996,100.2441450402387,0.2442996742670974,111.048,0.0,0.0,110.93607730483899,-0.39676902755609134,33.382573411897205,43.690198023360026,12.767324188971571,,,0.34240000000000065
2019-05-07,110.05,110.24,110.3,110.0,110.72,-0.6700000000000017,-0.6051300578034697,0.29999999999999716,100.27272727272727,0.27095375722543097,110.76399999999998,0.0,0.0,110.63842408669848,-0.6792838663165367,23.047997128623187,36.75602028032664,-4.368049174783721,,,0.40079999999999816
2019-05-08,109.88,110.1,110.14,109.83,110.05,-0.1700000000000017,-0.1544752385279434,0.3100000000000023,100.28225439315305,0.2816901408450725,110.45599999999999,0.0,0.0,110.38431036276324,-0.8692055292740051,16.131072714317842,29.845530062666633,-11.297841982379737,,,0.3928000000000026
2019-05-09,110.0,109.75,110.05,109.69,109.88,0.12000000000000455,0.10921004732435799,0.35999999999999943,100.32819764791685,0.327630141973061,110.234,0.0,0.0,110.25576658341352,-0.878086686828915,15.406220157573284,25.01588286539267,-3.813105258065491,,,0.30880000000000224
2019-05-10,109.97,109.75,110.05,109.5,110.0,-0.030000000000001137,-0.027272727272728305,0.5499999999999972,100.50228310502283,0.4999999999999974,110.124,110.86133333333332,0.0,110.16029302663242,-0.8498548272401627,16.774629981713087,22.262510809994208,5.798868325150842,0.44285714285714434,30.693069306930767,0.2383999999999986
2019-05-12,109.73,109.94,109.86,109.6,109.97,-0.23999999999999488,-0.21824133854687175,0.2600000000000051,100.23722627737226,0.23642811675912076,109.926,110.76533333333332,0.0,110.01664331986197,-0.8949356237380173,14.762577945440588,19.75872132211193,4.7702911920979005,0.3943248532289652,28.280701754386087,0.09679999999999893
2019-05-13,109.58,109.3,109.64,109.14,109.73,-0.15000000000000568,-0.13669917069170298,0.5,100.4581271761041,0.45566390230565934,109.83200000000002,110.65933333333331,0.0,109.87094767143195,-0.9413536149314692,15.709346228164646,18.4075582487011,10.312922187091736,0.36723678676573795,26.859779543706807,0.141599999999994
2019-05-14,109.64,109.59,109.69,109.53,109.58,0.060000000000002274,0.05475451724767501,0.1599999999999966,100.14607869989958,0.1460120459937914,109.78400000000002,110.55399999999999,0.0,109.79391298958055,-0.8933902065080481,20.16583540260137,18.994047475102402,22.509411257599304,0.3968283924123004,28.409244440327,0.16079999999999756
2019-05-15,109.44,109.58,109.61,109.33,109.64,-0.20000000000000284,-0.18241517694272422,0.28000000000000114,100.25610536906613,0.25538124771981136,109.67200000000003,110.42933333333332,0.0,109.67588875314802,-0.9124747579900246,19.257433983260828,19.081882599630802,19.608536750520884,0.3587226237323452,26.401461009529044,0.1423999999999978
2019-05-16,109.92,109.84,110.03,109.81,109.44,0.480000000000004,0.4385964912280738,0.21999999999999886,100.20034605227211,0.20102339181286444,109.662,110.34266666666666,0.0,109.75728364654255,-0.6583714438938275,35.256893921767436,24.47517495792595,56.8203318494504,0.606912415229114,37.768854697820004,0.1304000000000002
2019-05-17,110.08,109.84,110.17,109.5,109.92,0.1599999999999966,0.14556040756913807,0.6700000000000017,100.61187214611873,0.6095342066957803,109.73200000000001,110.23533333333332,0.0,109.86487733536559,-0.40664820636694593,53.929051423889284,34.295102535687064,93.19694920029372,0.6960061865356436,41.03795092618998,0.21440000000000053
2019-05-19,110.22,110.07,110.31,110.0,110.08,0.14000000000000057,0.12718023255814004,0.3100000000000023,100.28181818181818,0.28161337209302534,109.86000000000001,110.15199999999999,0.0,109.98326738059023,-0.17693687046493067,66.72364180738752,45.10606058844348,109.95880424527559,0.779959932574491,43.818960095712704,0.25600000000000306
2019-05-20,110.17,110.05,110.21,110.03,110.22,-0.04999999999999716,-0.04536381781890506,0.1799999999999926,100.16359174770517,0.1633097441480608,109.96600000000001,110.06866666666664,0.0,110.04551713381123,-0.0592676263593942,73.82779022996081,54.6808236261808,112.12172343752083,0.7555628809500091,43.038212367599286,0.22880000000000394
2019-05-21,110.56,110.49,110.62,110.47,110.17,0.39000000000000057,0.3539983661613874,0.15000000000000568,100.13578347062551,0.13615321775438477,110.19000000000001,110.03199999999998,0.0,110.2170216104542,0.1961689380524526,81.20094679099111,63.52138983897025,116.56006069503283,1.0183138571049128,50.45369200237228,0.16000000000000228
2019-05-22,110.19,110.34,110.37,110.14,110.56,-0.37000000000000455,-0.3346599131693239,0.23000000000000398,100.20882513165064,0.20803183791606727,110.24400000000003,110.00999999999999,0.0,110.20801405025091,0.15948321495776668,77.78247779732914,68.27527408902266,96.79688521394209,0.8028006639938715,44.53075040561448,0.126400000000001
2019-05-23,109.61,109.59,109.75,109.48,110.19,-0.5799999999999983,-0.5263635538615103,0.269999999999996,100.24662038728533,0.24503130955621744,110.15000000000002,109.93599999999998,0.0,110.00867077055523,-0.14495034919784938,59.08963379948148,65.21331315239622,46.842275093652006,0.591479548860475,37.16538797397578,0.2159999999999968
2019-05-24,109.31,109.59,109.75,109.28,109.61,-0.29999999999999716,-0.2736976553234168,0.46999999999999886,100.4300878477306,0.4287929933400227,109.96800000000003,109.88666666666664,0.0,109.77577641454256,-0.4574535059558741,40.1390243077203,56.855069757848646,6.706933407463609,0.5158431591558543,34.030114266116954,0.4063999999999993
2019-05-26,109.45,109.29,109.5,109.28,109.31,0.14000000000000057,0.12807611380477593,0.21999999999999886,100.201317715959,0.2012624645503603,109.82400000000004,109.85799999999999,0.0,109.66718300213053,-0.5498610047657095,30.988097883233277,48.23264462441858,-3.5009955991373403,0.5801093444978916,36.71324054363035,0.4407999999999987
2019-05-27,109.5,109.5,109.64,109.44,109.45,0.04999999999999716,0.04568296025582198,0.20000000000000284,100.18274853801171,0.18273184102330092,109.61200000000004,109.82466666666666,0.0,109.61145489881265,-0.5543913418023418,26.13133074532248,40.865482367376075,-3.336972498784718,0.6048271080909813,37.687991749494564,0.2311999999999955
2019-05-28,109.35,109.36,109.44,109.16,109.5,-0.15000000000000568,-0.1369863013698682,0.28000000000000114,100.25650421399781,0.25570776255707867,109.44400000000005,109.78333333333332,110.32233333333332,109.52430281136868,-0.6048706234980279,21.75876390357554,34.49654299815171,-3.716794285576796,0.5600990590542516,35.90150611293808,0.09120000000000061
2019-05-29,109.55,109.58,109.64,109.48,109.35,0.20000000000000284,0.18289894833104972,0.1599999999999966,100.14614541468761,0.14631915866483458,109.43200000000004,109.77133333333332,110.26833333333333,109.5328685706933,-0.5100390345936809,23.409957932180625,30.80100179442892,8.62787020768404,0.6662862488567173,39.986301832225635,0.08160000000000309
2019-05-30,109.22,109.6,109.64,109.14,109.55,-0.3299999999999983,-0.3012323140118652,0.5,100.4581271761041,0.4564125969876769,109.41400000000003,109.74733333333332,110.20333333333332,109.42857880540396,-0.5932739542770082,17.40842651278582,26.336799686664193,-0.4483198349709312,0.5605231209192827,35.91892445586363,0.10320000000000391
2019-05-31,108.3,109.6,109.64,108.28,109.22,-0.9200000000000017,-0.8423365683940686,1.3599999999999994,101.25600295530106,1.2451931880607943,109.18400000000001,109.65799999999997,110.106,109.05238528897006,-1.0649668029575239,11.924588467838422,21.53272185706375,-7.291678310612227,0.37961011679796985,27.51575334044611,0.35360000000000014
2019-06-02,108.22,108.26,108.36,108.16,108.3,-0.0799999999999983,-0.07386888273314708,0.20000000000000284,100.18491124260356,0.1846722068328743,108.92800000000003,109.57666666666664,110.00299999999999,108.77492324015465,-1.3316437536374781,9.207584481545235,17.424338499671705,-7.225923554707705,0.3684730997436394,26.92585625633903,0.5343999999999994
2019-06-03,107.87,108.06,108.09,107.86,108.22,-0.3499999999999943,-0.3234152652005122,0.23000000000000398,100.21323938438718,0.21253003141748658,108.63200000000002,109.43999999999997,109.89133333333332,108.47328195294747,-1.600675383495095,6.314754510712874,13.721141293472206,-8.498019054805788,0.32372540830868685,24.455631528770624,0.6023999999999973
2019-06-04,108.06,108.14,108.28,108.03,107.87,0.18999999999999773,0.17613794382126421,0.25,100.23141719892624,0.23176045239640305,108.33400000000002,109.3053333333333,109.77033333333333,108.33552123889248,-1.5946325940340043,7.955155443578016,11.799145130205513,0.26717607032302126,0.39472160547232266,28.30110352658157,0.35440000000000965
2019-06-05,108.3,108.45,108.48,108.19,108.06,0.23999999999999488,0.22209883398111685,0.29000000000000625,100.26804695443204,0.2683694243938611,108.15,109.1773333333333,109.66466666666666,108.32368082231429,-1.4044203235894734,13.543139042522434,12.380476611749408,15.868463904068484,0.4912994283345955,32.94438521197938,0.14799999999999613
2019-06-06,108.44,108.4,108.54,108.33,108.3,0.14000000000000057,0.1292705447830107,0.21000000000000796,100.19385211852673,0.1939058171745226,108.17800000000003,109.06199999999995,109.56533333333333,108.36245388943259,-1.1645528739201465,19.89018387418306,14.883712875264703,29.90312587201977,0.5519701119275634,35.56576944913009,0.17039999999999794
2019-06-07,108.19,108.4,108.61,107.89,108.44,-0.25,-0.23054223533751383,0.7199999999999989,100.6673463713041,0.6639616377720388,108.17200000000003,108.90399999999997,109.468,108.30496925182355,-1.0987474247430096,19.439897802603273,16.40244139040309,25.51481062700364,0.4942981733231918,33.07895185496446,0.16559999999999775
2019-06-09,108.5,108.18,108.56,108.38,108.19,0.3100000000000023,0.2865329512894004,0.18000000000000682,100.16608230300794,0.16637397171643112,108.29800000000003,108.7913333333333,109.40066666666667,108.3699795070951,-0.8602137542214637,24.94495109285845,19.24994488207662,36.334963514422114,0.6338242416509482,38.79390606975454,0.1383999999999986
2019-06-10,108.61,108.43,108.62,108.35,108.5,0.10999999999999943,0.10138248847926215,0.27000000000001023,100.24919243193355,0.24884792626729052,108.40800000000004,108.72466666666664,109.33033333333334,108.44998634288716,-0.6302283467838348,30.67491156093341,23.058267337972897,45.908200006854436,0.6871418955528693,40.72816266160564,0.13040000000000304
2019-06-11,108.48,108.5,108.58,108.44,108.61,-0.12999999999999545,-0.11969431912346512,0.14000000000000057,100.129103651789,0.12890157444065978,108.44400000000005,108.6693333333333,109.278,108.45999089566024,-0.5339955913289637,47.6429241787842,31.25315328096638,80.42246597441984,0.643476342385304,39.153368125237336,0.10320000000000107
2019-06-12,108.2,108.49,108.53,108.17,108.48,-0.28000000000000114,-0.25811209439528127,0.35999999999999943,100.33280946658039,0.3318584070796455,108.39600000000004,108.58599999999997,109.222,108.37332726145124,-0.594360182450474,46.674230128319756,36.39351236782711,67.23566564930506,0.5608134958444543,35.93084614770292,0.16080000000000041
2019-06-13,108.28,108.37,108.41,108.27,108.2,0.0799999999999983,0.07393715341959177,0.14000000000000057,100.12930636372033,0.12939001848428888,108.41400000000003,108.50466666666664,109.16466666666666,108.34221817374508,-0.5646810169320532,48.924372637159045,40.57046586555586,65.63218618036541,0.6003405465488897,37.51329976882202,0.13919999999999674
2019-06-14,108.56,108.37,108.58,108.17,108.28,0.28000000000000114,0.25858884373845686,0.4099999999999966,100.37903300360543,0.37864794975987864,108.42600000000002,108.45199999999997,109.11766666666668,108.41481211669462,-0.38429000081346487,63.20985590084157,48.11692930052566,93.39570910147337,0.7493271222809962,42.835162888455514,0.1487999999999971
2019-06-16,108.62,108.55,108.7,108.47,108.56,0.060000000000002274,0.055268975681652795,0.23000000000000398,100.21204019544574,0.21186440677966467,108.42800000000003,108.38999999999997,109.08066666666667,108.48320807833947,-0.2331029563866952,72.18105626849726,56.13830502020321,104.26655876508535,0.7837086397576372,43.9370322197982,0.15039999999999623
2019-06-17,108.39,108.55,108.59,108.38,108.62,-0.23000000000000398,-0.21174737617382064,0.21000000000000796,100.19376268684259,0.19333456085436196,108.41000000000001,108.33466666666665,109.041,108.45213871872853,-0.24982524643662196,68.69683584779855,60.32448198489289,85.44154357360988,0.6862994441285408,40.69855128744421,0.14400000000000263
2019-06-18,108.5,108.44,108.62,108.44,108.39,0.10999999999999943,0.10148537687978544,0.18000000000000682,100.16599040944301,0.16606698034874695,108.47,108.34799999999998,109.003,108.46809247920864,-0.19428062607925833,66.55260753876453,62.400523843509255,74.85677492927509,0.75031637587175,42.86747163055323,0.10800000000000125
2019-06-19,107.64,108.09,108.14,107.56,108.5,-0.8599999999999994,-0.7926267281105984,0.5799999999999983,100.53923391595387,0.5345622119815653,108.34200000000001,108.30933333333333,108.943,108.19206165215641,-0.5831140150157769,46.70758626570742,57.16954463860281,25.783669519916643,0.48753636765913616,32.774752823445155,0.2807999999999936
2019-06-20,107.19,107.29,107.38,107.12,107.64,-0.45000000000000284,-0.418060200668899,0.2599999999999909,100.24271844660193,0.2415458937197983,108.06800000000003,108.264,108.852,107.85804110091377,-1.0105241304865502,32.61518407064844,48.98475776978158,-0.12396332761784379,0.40717802453375174,28.935786192984665,0.5224000000000046
2019-06-21,107.31,107.29,107.73,107.05,107.19,0.12000000000000455,0.11195074167366784,0.6800000000000068,100.6352171882298,0.6343875361507667,107.80600000000001,108.214,108.75966666666666,107.67536073375152,-1.1580004266317583,26.995981293749125,41.65516560344062,-2.322387325633869,0.45451247853591253,31.248441332962443,0.5111999999999994
2019-06-23,107.33,107.3,107.41,107.28,107.31,0.01999999999999602,0.018637592023106907,0.12999999999999545,100.12117822520507,0.12114434815021476,107.59400000000002,108.14933333333333,108.66333333333334,107.56024048908745,-1.1860719540502604,23.653886516735522,35.65473923702309,-0.3478189238396112,0.463008406177324,31.64769281039969,0.38080000000000214
2019-06-24,107.14,107.28,107.42,107.11,107.33,-0.18999999999999773,-0.17702413118419613,0.3100000000000023,100.28942208944076,0.2888288456163256,107.32200000000003,108.06266666666667,108.56233333333333,107.42016032599321,-1.2484445793442909,17.587439493186547,29.63230598627901,-6.502293492998383,0.42598209563006273,29.872892298962896,0.1304000000000002
2019-06-25,107.48,107.17,107.5,107.11,107.14,0.3400000000000034,0.317341795781224,0.39000000000000057,100.36411166090934,0.36400970692551854,107.29000000000003,108.01533333333333,108.45966666666666,107.44010688400165,-1.0630489591874541,20.411828349868134,26.55881343985657,8.117858169891264,0.5800923590711037,36.712560233638825,0.10000000000000284
2019-06-26,107.77,107.77,107.81,107.66,107.48,0.28999999999999204,0.2698176404912468,0.15000000000000568,100.1393275125395,0.13956084852996434,107.40600000000003,107.96666666666667,108.37899999999999,107.55007125602381,-0.7657225942804873,28.89450977215224,27.337378884115925,32.008771548224864,0.7216506553540455,41.91620716489915,0.1751999999999981
2019-06-27,107.59,107.78,107.83,107.56,107.77,-0.1799999999999926,-0.16702236243851962,0.269999999999996,100.251022685013,0.2505335436577861,107.46200000000003,107.89866666666667,108.31166666666667,107.56338083735105,-0.6508221300497217,30.727974667886926,28.467577478861866,35.248769045937046,0.6592689635729988,39.73249533658227,0.1816000000000031
2019-06-28,107.91,107.78,107.94,107.56,107.59,0.3199999999999932,0.2974254112835702,0.37999999999999545,100.35329118631462,0.3531926758992429,107.57800000000002,107.86066666666667,108.265,107.67892055824466,-0.39662137450807344,46.785010636334185,34.573388531913096,71.20825484517636,0.824766790184418,45.198476573604445,0.2143999999999977
2019-06-30,108.19,107.88,108.5,108.11,107.91,0.28000000000000114,0.2594754888332881,0.39000000000000057,100.36074368698549,0.3614122880177931,107.78800000000004,107.86,108.223,107.84928037217352,-0.09159680347478583,57.39690364326294,42.1812269028286,87.82825712413162,0.980716665260567,49.51322329241633,0.20960000000000037
2019-07-01,108.42,108.43,108.53,108.11,108.19,0.23000000000000398,0.21258896385987983,0.4200000000000017,100.38849320136897,0.3882059340049928,107.97600000000003,107.86933333333334,108.187,108.03952024812344,0.2054850621940537,69.12045828517611,51.16097069731077,105.03943346090679,1.1186723239817775,52.800629494200116,0.2632000000000005
2019-07-02,107.59,107.88,107.92,107.53,108.42,-0.8299999999999983,-0.7655414130234258,0.39000000000000057,100.36268948200502,0.3597122302158279,107.94000000000003,107.80466666666668,108.12833333333334,107.88968016541155,-0.04614734219549055,57.347911156933456,53.22328418390776,65.59716510298485,0.7282381138447745,42.13760291541533,0.2920000000000016
2019-07-03,107.72,107.82,107.84,107.7,107.59,0.12999999999999545,0.12082907333394874,0.14000000000000057,100.12999071494892,0.13012361743656525,107.96600000000004,107.74466666666667,108.06733333333334,107.83312011027333,-0.12616535034639575,52.55118959749305,52.99925265509879,51.65506348228156,0.7871082328084612,44.04368008374689,0.2712000000000018
2019-07-04,107.83,107.79,107.89,107.78,107.72,0.10999999999999943,0.10211659858893375,0.10999999999999943,100.10205975134534,0.10211659858893375,107.95000000000005,107.70733333333332,108.021,107.83208007351554,-0.11267378556196539,51.935534849025444,52.64468005307006,50.517244440936224,0.8407531932842482,45.67441177620272,0.2840000000000032
2019-07-05,108.47,107.79,108.64,107.78,107.83,0.6400000000000006,0.5935268478160072,0.8599999999999994,100.79792169233623,0.7975517017527585,108.00600000000004,107.70533333333333,108.02666666666666,108.04472004901207,0.22105682592914933,62.85191812766643,56.0470927446296,76.46156889374008,1.1768782603213497,54.06265852219129,0.35120000000000007
2019-07-07,108.47,108.45,108.58,108.41,108.47,0.0,0.0,0.1700000000000017,100.1568121022046,0.15672536185120467,108.01600000000005,107.76066666666665,108.035,108.18648003267548,0.4067408151254658,70.12950698004488,60.74123082312658,88.90605929388148,1.17687826032135,54.06265852219129,0.3632000000000005
2019-07-08,108.83,108.71,108.89,108.67,108.47,0.35999999999999943,0.3318890015672531,0.21999999999999886,100.20244777767553,0.2028210565133206,108.26400000000005,107.86999999999998,108.067,108.40098668845108,0.6791929692775315,78.6157497514328,66.69940379925,102.44844165579838,1.3961551161843104,58.26647476844396,0.39119999999999777
2019-07-09,108.93,108.84,109.0,108.83,108.83,0.10000000000000853,0.09188642837453691,0.1700000000000017,100.1562069282367,0.15620692823670101,108.50600000000004,107.978,108.09599999999999,108.57732445896781,0.8605502481266425,84.15653158033366,72.51844639295847,107.43270195508407,1.461750756827082,59.37850339939017,0.29920000000000185
2019-07-10,108.02,108.46,108.47,107.98,108.93,-0.9100000000000108,-0.8353988800146981,0.4899999999999949,100.45378773847008,0.44983016616175053,108.54400000000003,108.02399999999999,108.08666666666664,108.39154963931158,0.4736307311521182,67.21546549797314,70.7507860946272,60.144824304665036,0.8897720888951836,47.08356600902972,0.2688000000000045
2019-07-11,108.38,108.48,108.61,108.31,108.02,0.35999999999999943,0.3332716163673389,0.29999999999999716,100.27698273474286,0.2777263469727802,108.52600000000002,108.10666666666664,108.08466666666665,108.38769975954105,0.40896696935166366,64.08468674921222,68.52875297948653,55.196554288663634,1.05647849786116,51.37318474080572,0.2832000000000022
2019-07-12,107.91,108.48,108.61,107.81,108.38,-0.46999999999999886,-0.4336593467429405,0.7999999999999972,100.74204619237548,0.7381435689241531,108.41400000000002,108.13533333333332,108.0753333333333,108.22846650636059,0.117983607250436,48.107739884078754,61.72174861434579,20.879722423544692,0.8558734371692338,46.117015310844614,0.37280000000000085
2019-07-14,108.02,107.89,108.02,107.8,107.91,0.10999999999999943,0.10193679918450507,0.21999999999999886,100.20408163265306,0.20387359836901014,108.252,108.15199999999999,108.05933333333331,108.15897767090703,-0.0016527265225315668,38.62920363856156,54.02423362241409,7.839143670856515,0.9037321190329273,47.47160117737637,0.3224000000000018
2019-07-15,107.97,107.9,108.08,107.83,108.02,-0.04999999999999716,-0.046287724495461174,0.25,100.23184642492812,0.23143862247731903,108.05999999999999,108.17733333333332,108.03799999999997,108.09598511393799,-0.0967106854025511,30.94405925630633,46.33084216704242,0.17049343483414248,0.8830447413111983,46.89451726443409,0.12799999999999442
2019-07-16,108.19,108.22,108.33,108.12,107.97,0.21999999999999886,0.20376030378808824,0.20999999999999375,100.19422863485016,0.19449847179771582,108.09400000000001,108.19599999999998,108.0283333333333,108.12732340929199,-0.03769028032007754,31.46270617087098,41.37479683498424,11.638524842644472,0.9915131044484307,49.786923431921885,0.152800000000002
2019-07-17,107.66,107.94,108.0,107.64,108.19,-0.5300000000000011,-0.4898789167205852,0.35999999999999943,100.33444816053512,0.3327479434328491,107.95,108.16066666666666,108.0103333333333,107.97154893952798,-0.2683527668539254,21.465333525677202,34.738309065214295,-5.080617553396991,0.773766699405485,43.62279998067554,0.1319999999999993
2019-07-18,107.55,107.29,107.61,107.22,107.66,-0.10999999999999943,-0.1021735091956153,0.39000000000000057,100.36373810856183,0.3622515326026385,107.878,108.10266666666665,107.98599999999996,107.83103262635198,-0.4475620318037882,20.489997631350217,29.988871920592494,1.4922490528656596,0.7375629836446672,42.448129396585905,0.21839999999999976
2019-07-19,107.7,107.29,107.97,107.22,107.55,0.15000000000000568,0.13947001394700667,0.75,100.69949636261893,0.697350069735007,107.81400000000001,108.10999999999999,107.9573333333333,107.78735508423466,-0.4585348715054569,25.170789787807,28.382844542997233,18.746680277426535,0.8062739993983585,44.63741379585355,0.21280000000000143
2019-07-21,107.94,107.7,108.06,107.7,107.7,0.23999999999999488,0.2228412256267362,0.35999999999999943,100.33426183844011,0.33426183844011087,107.80799999999999,108.12466666666666,107.93466666666663,107.83823672282311,-0.3254445160672509,34.046713575564716,30.27080088718647,41.5985389523212,0.9246683650047117,48.04299700756229,0.2055999999999983
2019-07-22,108.06,107.86,108.08,107.83,107.94,0.12000000000000455,0.11117287381879244,0.25,100.23184642492812,0.23161015378914213,107.78199999999997,108.14,107.92366666666663,107.9121578152154,-0.17400591153519457,42.841693942463124,34.4610985722788,59.602884682831785,0.9884191772542904,49.70879322433157,0.17439999999999997
2019-07-23,108.19,108.21,108.28,108.12,108.06,0.12999999999999545,0.12030353507310333,0.1599999999999966,100.1479837217906,0.14806588932074458,107.88799999999999,108.12133333333333,107.91333333333331,108.00477187681027,-0.013014464078600185,57.69025842410478,42.20415185622094,88.66247155987246,1.0627951248787935,51.52208826076422,0.2103999999999985
2019-07-24,108.15,108.17,108.23,108.12,108.19,-0.03999999999999204,-0.036971993714753716,0.10999999999999943,100.10173880873103,0.10167298271559241,108.008,108.1,107.93033333333331,108.05318125120685,0.06139282558714884,66.38810021066477,50.26546797436898,98.63336468325635,1.037232241282836,50.91379471933428,0.15040000000000192
2019-07-25,108.62,108.62,108.73,108.59,108.15,0.46999999999999886,0.43458159963014226,0.14000000000000057,100.12892531540658,0.12944983818770278,108.19199999999998,108.086,107.97799999999998,108.2421208341379,0.33890509441260286,75.16381073646977,58.56491556173598,108.36160108593735,1.3415889217944021,57.293955796746694,0.1712000000000046
2019-07-26,108.67,108.62,108.83,108.56,108.62,0.04999999999999716,0.046032038298653245,0.269999999999996,100.24871039056742,0.24857300681273797,108.33799999999997,108.06866666666666,108.02333333333331,108.3847472227586,0.5123357327767375,80.12991109139402,65.75324740495537,108.8832384642713,1.3764579359282947,57.92056804870906,0.24559999999999887
2019-07-28,108.48,108.66,108.72,108.42,108.67,-0.18999999999999773,-0.17484126253795687,0.29999999999999716,100.27670171555063,0.2760651513757221,108.42199999999998,108.09933333333333,108.06166666666665,108.41649814850574,0.497003166394395,79.50689724933527,70.33779735308204,97.84509704184171,1.204571872131179,54.63971882063018,0.20160000000000194
2019-07-29,108.81,108.77,108.94,108.77,108.48,0.3299999999999983,0.3042035398230073,0.1700000000000017,100.15629309552267,0.15671091445427884,108.54599999999996,108.128,108.11733333333332,108.54766543233718,0.6338235861537214,83.81855165459571,74.83138212025328,101.79289072328058,1.4381449290028723,58.98521092390641,0.18479999999999847
2019-07-30,108.54,108.59,108.66,108.5,108.81,-0.269999999999996,-0.24813895781637352,0.1599999999999966,100.14746543778801,0.1470453083356278,108.62399999999995,108.17,108.15266666666665,108.54511028822479,0.5518659922614995,78.45967959768764,76.04081461273141,83.29740956760011,1.1926838725826734,54.39379052748992,0.09279999999999688
2019-07-31,109.18,108.74,109.31,108.71,108.54,0.6400000000000006,0.5896443707388986,0.6000000000000085,100.55192714561679,0.5527915975677248,108.73599999999995,108.24733333333333,108.19966666666664,108.75674019214988,0.8036799127887332,82.71185847053061,78.26449589866448,91.60658361426289,1.6283771288892999,61.953709419828186,0.2072000000000031
2019-08-01,107.14,107.33,107.56,106.86,109.18,-2.0400000000000063,-1.868474079501746,0.7000000000000028,100.65506269885833,0.6411430664956977,108.42999999999995,108.19200000000001,108.18466666666663,108.2178267947666,-0.10941693998875192,58.95076278987756,71.82658486240217,33.19911864482833,0.6524990176840912,39.485591864286945,0.5159999999999911
2019-08-02,106.61,107.33,107.56,106.5,107.14,-0.5300000000000011,-0.4946798581295511,1.0600000000000023,100.99530516431925,0.9893597162591022,108.05599999999995,108.08666666666666,108.14133333333331,107.68188452984441,-0.9056139820933408,40.60537210902868,61.419513944611005,-1.022911562135974,0.5588014175101778,35.848146610152114,0.9448000000000036
2019-08-04,106.09,106.58,106.69,105.81,106.61,-0.519999999999996,-0.4877591220335766,0.8799999999999955,100.83167942538512,0.82543851421067,107.51199999999994,107.98199999999999,108.07133333333331,107.1512563532296,-1.5958838065601475,29.73691473935246,50.85864754285815,-12.506550867658916,0.48518596405927156,32.66836448771532,1.078400000000005
2019-08-05,106.12,105.94,106.39,105.53,106.09,0.030000000000001137,0.028277877274013704,0.8599999999999994,100.81493414195015,0.8106324818550281,107.02799999999995,107.88666666666667,107.99466666666665,106.8075042354864,-1.9189996156299092,25.02743169572354,42.24824226047995,-9.414189433789275,0.4933708774245883,33.03739780137117,0.9055999999999983
2019-08-06,106.34,105.94,107.08,105.53,106.12,0.21999999999999886,0.20731247644176296,1.5499999999999972,101.46877665118923,1.4606106294760621,106.45999999999995,107.79599999999999,107.95299999999997,106.65166949032427,-1.9186142529159955,23.827811606672853,36.108098709210914,-0.7327625984032693,0.5580107060532407,35.81558867889912,0.3319999999999993
2019-08-13,106.3,106.73,106.77,106.24,106.34,-0.04000000000000625,-0.0376151965394078,0.5300000000000011,100.49887048192771,0.4984013541470765,106.29199999999994,107.68666666666665,107.90566666666665,106.53444632688284,-1.860166670996813,22.675331194571985,31.630509537664604,4.76497450838675,0.5510363765804508,35.52697956674061,0.14960000000000093
2019-08-14,105.94,105.89,106.03,105.73,106.3,-0.35999999999999943,-0.3386641580432732,0.29999999999999716,100.28374160597748,0.2822201317027255,106.15799999999993,107.54533333333332,107.84266666666666,106.33629755125521,-1.9314371864874995,18.73240774523491,27.33114227352137,1.5349386886619882,0.49149654637404694,32.953247365467675,0.12959999999999638
2019-08-15,106.24,106.11,106.28,106.03,105.94,0.29999999999999716,0.2831791580139675,0.25,100.23578232575684,0.23598263167830846,106.18799999999992,107.41533333333332,107.76833333333333,106.30419836750347,-1.7431915286175894,18.749294757846144,24.47052643496296,7.306831403612513,0.588465064652374,37.04614459249414,0.126400000000001
2019-08-16,106.28,106.11,106.5,106.03,106.24,0.04000000000000625,0.03765060240964444,0.46999999999999886,100.44327077242289,0.4423945783132519,106.21999999999991,107.29066666666664,107.69533333333334,106.29613224500231,-1.5419691844898553,24.81480077452468,24.5852845481502,25.27383322727364,0.6023887493282386,37.593171418656986,0.11200000000000046
2019-09-04,106.64,106.38,106.75,106.33,106.28,0.35999999999999943,0.33872788859616054,0.4200000000000017,100.39499670836076,0.39518253669552283,106.2799999999999,107.15866666666665,107.62233333333333,106.41075483000155,-1.1802131904997064,34.76980150157144,27.980123532623946,48.349157439466445,0.737341385417367,42.440788644439806,0.15200000000000102
2019-09-05,107.07,106.92,107.09,106.89,106.64,0.4299999999999926,0.40322580645160594,0.20000000000000284,100.18710824211807,0.18754688672168307,106.43399999999993,107.05199999999996,107.56033333333335,106.63050322000102,-0.7041615417284794,56.08585057369698,37.34869921298162,93.5601532951277,0.9109343061986792,47.66957729754471,0.3368000000000023
2019-09-06,106.92,106.92,107.11,106.62,107.07,-0.14999999999999147,-0.14009526478004247,0.4899999999999949,100.45957606452822,0.45764453161482666,106.62999999999992,106.94799999999996,107.52366666666668,106.72700214666735,-0.4729997862637073,66.7154615638993,47.13761999662085,105.8711446984562,0.8551657023946648,46.0964592699622,0.2960000000000008
2019-09-08,106.89,106.9,107.03,106.77,106.92,-0.030000000000001137,-0.02805836139169579,0.2600000000000051,100.24351409571976,0.2431724653946924,106.75999999999992,106.81999999999998,107.474,106.7813347644449,-0.3339993422854516,73.16895749829575,55.81473249717916,107.87740750052895,0.8440361312263732,45.77112763322313,0.23999999999999488
2019-09-09,106.97,106.9,107.08,106.77,106.89,0.0799999999999983,0.07484329684722453,0.3100000000000023,100.29034372951205,0.2900177752830033,106.89799999999994,106.71533333333332,107.44266666666667,106.84422317629661,-0.1991304220546687,78.73099582011984,63.45348693815939,109.28601358404075,0.881411163125891,46.848407216924386,0.1063999999999993
2019-09-10,107.64,107.53,107.67,107.5,106.97,0.6700000000000017,0.6263438347200165,0.1700000000000017,100.15813953488373,0.1589230625409009,107.09799999999993,106.61266666666666,107.43,107.10948211753107,0.22510951855786754,85.30519996255411,70.7373912796243,114.44081732841371,1.2185052008350112,54.924604205407526,0.21680000000000063
2019-09-11,108.03,107.81,108.09,107.78,107.64,0.39000000000000057,0.36231884057971064,0.3100000000000023,100.28762293560958,0.287997027127464,107.28999999999992,106.67199999999998,107.43200000000002,107.41632141168738,0.6601156232343861,89.23259285529495,76.90245847151452,113.8928616228558,1.4298178811899818,58.84465219630951,0.4359999999999985
2019-09-12,108.17,108.09,108.27,108.06,108.03,0.14000000000000057,0.12959363139868607,0.20999999999999375,100.19433647973348,0.19439044709802253,107.53999999999992,106.776,107.43133333333336,107.66754760779158,0.9576920316287925,91.33363333210148,81.71285009171017,110.57519981288411,1.511508779315375,60.183296660719016,0.4880000000000024
2019-09-13,108.08,108.09,108.27,107.92,108.17,-0.09000000000000341,-0.08320236664509884,0.3499999999999943,100.324314306894,0.32356475917536687,107.77799999999993,106.90866666666666,107.44533333333335,107.80503173852772,1.0469034909650565,90.95781741040446,84.79450586460827,103.28444050199684,1.4306008111539315,58.857908900094195,0.378400000000002
2019-09-15,107.77,108.07,107.92,107.5,108.08,-0.3100000000000023,-0.28682457438934333,0.4200000000000017,100.39069767441862,0.38860103626943165,107.93799999999992,107.01866666666665,107.45266666666667,107.79335449235181,0.899839051059321,83.87086817259281,84.48662663393645,82.63935124990553,1.193602974823256,54.412899167381354,0.1863999999999976
2019-09-16,108.14,108.12,108.36,108.03,107.77,0.37000000000000455,0.3433237450125309,0.3299999999999983,100.30547070258262,0.30620766447063036,108.03799999999993,107.13866666666667,107.46733333333334,107.90890299490121,0.9633649922554042,85.03268606142204,84.66864644309832,85.76076529806946,1.406539728028063,58.446561743678025,0.11040000000000419
2019-09-17,108.18,108.12,108.22,108.08,108.14,0.04000000000000625,0.036989088218981184,0.14000000000000057,100.12953367875647,0.12946180876641444,108.06799999999994,107.264,107.47533333333334,107.99926866326747,0.9811644077321516,86.24820580195448,85.1951662293837,88.35428494709603,1.431330701374156,58.87025983611307,0.1192000000000121
2019-09-18,108.14,108.44,108.47,108.0,108.18,-0.04000000000000625,-0.036975411351457065,0.46999999999999886,100.43518518518519,0.43446108337955147,108.06199999999994,107.41066666666667,107.47800000000001,108.04617910884498,0.9312303609517312,84.36154896600891,84.91729380825878,83.25005928150918,1.3941107720001404,58.230838284706515,0.11679999999999495
2019-09-19,107.93,108.0,108.08,107.9,108.14,-0.20999999999999375,-0.1941927131496151,0.1799999999999926,100.16682113067654,0.16645089698538248,108.03199999999995,107.52333333333334,107.46933333333332,108.00745273923,0.7581070174079835,71.01766494641168,80.28408418764307,52.484826463948906,1.2154186375869065,54.8618043094001,0.1455999999999989
2019-09-20,107.56,108.0,108.08,107.53,107.93,-0.37000000000000455,-0.34281478736218335,0.5499999999999972,100.51148516693016,0.5095895487816151,107.98999999999997,107.60866666666668,107.44966666666666,107.85830182615332,0.43943999143712653,49.40696563437763,69.99171133655459,8.237474230023707,0.9776481937884466,49.43488922140556,0.19599999999999795
2019-09-22,107.72,107.55,107.75,107.61,107.56,0.1599999999999966,0.14875418371141372,0.14000000000000057,100.13009943313817,0.1301599107474903,107.90599999999998,107.68066666666667,107.41966666666666,107.81220121743554,0.3158255629698612,40.49811454662973,60.160512406579635,1.1733188267299255,1.0687516637367602,51.66167029474614,0.21280000000000426
2019-09-23,107.53,107.54,107.69,107.47,107.72,-0.18999999999999773,-0.17638321574452073,0.21999999999999886,100.20470829068577,0.2042331971778675,107.77599999999998,107.71133333333334,107.38166666666666,107.71813414495703,0.13493158432850505,28.998743031086562,49.773255948081946,-12.550282802904206,0.9572276352680651,48.907322685384095,0.20720000000000027
2019-09-24,107.28,107.05,107.3,107.0,107.53,-0.25,-0.23249325769552684,0.29999999999999716,100.2803738317757,0.2789919092346296,107.60399999999997,107.73533333333333,107.34166666666667,107.57208942997136,-0.10228792323934588,25.681701703264086,41.74273786647599,-6.440370623159723,0.8339207033570938,45.47201532926454,0.17680000000000007
2019-09-25,107.69,107.76,107.81,107.61,107.28,0.4099999999999966,0.38217747949291253,0.20000000000000284,100.18585633305455,0.1864280387770347,107.55599999999995,107.78866666666666,107.30433333333333,107.61139295331424,-0.030124221057899095,32.767392972244046,38.75095623506534,20.80026644660147,1.061430862934761,51.49000541418364,0.12079999999999984
2019-09-26,107.78,107.82,107.86,107.67,107.69,0.09000000000000341,0.08357321942613373,0.18999999999999773,100.17646512491874,0.17643235212182906,107.59999999999995,107.84266666666666,107.27900000000001,107.66759530220948,0.058697869544989026,39.53200347809471,39.01130531607513,40.57339980213386,1.115213752440929,52.72345412627858,0.15600000000000022
2019-09-27,107.95,107.82,108.19,107.66,107.78,0.1700000000000017,0.15772870662460725,0.5300000000000011,100.49229054430614,0.4917424383002422,107.64599999999996,107.86333333333332,107.23800000000001,107.76173020147299,0.19394398527257478,47.89661909877524,41.97307657697517,59.74370414237539,1.2246182627184292,55.048467561440205,0.19279999999999972
2019-09-29,107.91,107.92,108.02,107.86,107.95,-0.04000000000000625,-0.03705419175544812,0.1599999999999966,100.1483404413128,0.14821676702176617,107.72199999999995,107.85533333333333,107.26366666666668,107.81115346764865,0.24496975680835306,57.42127547761481,47.12247621052171,78.01887401180102,1.1915846642910368,54.37091633767691,0.18959999999999866
2019-09-30,108.16,108.06,108.2,108.05,107.91,0.25,0.2316745436011491,0.15000000000000568,100.13882461823232,0.13900472616069473,107.89799999999995,107.85466666666666,107.31533333333333,107.9274356450991,0.3908291008832837,70.50307254063193,54.916008320558454,101.67720098077889,1.3731445304513603,57.86181637197608,0.1304000000000002
2019-10-01,107.73,107.74,107.77,107.64,108.16,-0.4299999999999926,-0.3975591715976263,0.12999999999999545,100.1207729468599,0.12019230769230349,107.90599999999995,107.83133333333333,107.36999999999999,107.8616237633994,0.24346971570580872,67.27982613819913,59.037280926438676,83.76491656172003,1.0275684076666027,50.67983915024424,0.12079999999999984
2019-10-02,107.12,107.17,107.22,106.97,107.73,-0.6099999999999994,-0.5662303907917937,0.25,100.23371038608954,0.2320616355704075,107.77399999999996,107.78800000000001,107.40333333333334,107.61441584226627,-0.16001062612829908,48.91825807587273,55.66427330958336,35.42622760845147,0.7422054117519759,42.60148698571703,0.27919999999999734
2019-10-03,106.78,106.9,106.93,106.75,107.12,-0.3400000000000034,-0.31740104555638854,0.18000000000000682,100.16861826697894,0.1680358476475045,107.53999999999994,107.69733333333333,107.41799999999999,107.33627722817751,-0.5606664033902801,33.301827222995634,48.210124614054116,3.4852324408786757,0.6361610143470772,38.88132089499408,0.47199999999999703
2019-10-04,106.94,106.9,107.12,106.65,106.78,0.1599999999999966,0.14984079415620583,0.46999999999999886,100.44069385841539,0.44015733283386294,107.34599999999993,107.61466666666666,107.43933333333332,107.20418481878501,-0.691311306573957,28.437777288448544,41.61934217218559,2.0746475209744517,0.7085694826833787,41.47150524838716,0.4792000000000002
2019-10-07,107.38,107.28,107.41,107.2,106.94,0.4399999999999977,0.41144567046941993,0.20999999999999375,100.19589552238806,0.19637179726949106,107.18999999999994,107.564,107.48733333333332,107.26278987919,-0.5176551433993057,34.65744292348163,39.29870908928427,25.374910591876358,0.9230099466024292,47.99818889305288,0.2920000000000016
2019-10-08,107.16,107.07,107.16,106.94,107.38,-0.21999999999999886,-0.204879865896814,0.21999999999999886,100.2057228352347,0.204879865896814,107.07599999999994,107.51266666666666,107.518,107.22852658612665,-0.5058457570168613,34.07270388447145,37.55670735434666,27.104696944721027,0.8274643418763483,45.27937004925358,0.17280000000000087
2019-10-09,107.56,107.46,107.77,107.03,107.16,0.4000000000000057,0.37327360955580974,0.7399999999999949,100.69139493599926,0.6905561776782334,107.16399999999992,107.51266666666666,107.56066666666666,107.33901772408444,-0.2766841783265884,42.28502839609921,39.13281436826418,48.589456451769266,1.0301515432968813,50.74259341368961,0.2447999999999979
2019-10-10,107.96,107.96,108.11,107.84,107.56,0.3999999999999915,0.3718854592785343,0.269999999999996,100.25037091988129,0.2510226850130123,107.39999999999993,107.52866666666665,107.60466666666666,107.54601181605629,0.07017549980067404,56.36206194148529,44.875896892671214,79.33439203911344,1.2484300679036011,55.52452289822011,0.28800000000000237
2019-10-11,108.42,107.96,108.61,107.84,107.96,0.46000000000000796,0.42608373471656913,0.769999999999996,100.71402077151335,0.7132271211559801,107.69599999999991,107.588,107.64966666666666,107.8373412107042,0.5019087514234767,67.67674877731675,52.47618085421973,98.0778846235108,1.5187596253011648,60.297918469277064,0.39519999999999983
2019-10-13,108.3,108.4,108.53,108.2,108.42,-0.12000000000000455,-0.11068068622025877,0.3299999999999983,100.30499075785582,0.30437188710569846,107.87999999999991,107.65599999999999,107.69566666666667,107.99156080713612,0.6733046849449388,73.17905700800702,59.37713957214883,100.78289187972341,1.4115582319405113,58.533035331461654,0.41599999999999965
2019-10-14,108.34,108.38,108.45,108.31,108.3,0.04000000000000625,0.036934441366580105,0.14000000000000057,100.12925860954667,0.1292705447830107,108.11599999999991,107.69933333333331,107.744,108.10770720475743,0.7661467274555838,77.52753460397753,65.42727124942506,101.72806131308246,1.4368963768462086,58.96419685706194,0.2847999999999985
2019-10-15,108.68,108.84,108.86,108.61,108.34,0.3400000000000034,0.3138268414251462,0.25,100.23018138292974,0.23075503045966403,108.33999999999992,107.75933333333333,107.801,108.29847146983828,0.9604949826562325,82.30342427595495,71.05265559160169,104.80496164466146,1.6688378571367872,62.53050752686672,0.16800000000000354
2019-10-16,108.78,108.75,108.83,108.64,108.68,0.09999999999999432,0.09201324990798151,0.18999999999999773,100.17488954344624,0.17482517482517274,108.5039999999999,107.81466666666665,107.83900000000001,108.45898097989219,1.085313860222595,86.81339396174776,76.30623504831705,107.82771178860921,1.742303484378142,63.53430589660776,0.18079999999999927
2019-10-17,108.6,108.65,108.69,108.56,108.78,-0.18000000000000682,-0.16547159404302889,0.12999999999999545,100.11974944731024,0.11950726236440105,108.53999999999992,107.86066666666665,107.858,108.50598731992812,1.0232889758496955,86.69504041894288,79.76917017185899,100.54678091311067,1.5251118581032495,60.39779399114798,0.1759999999999991
2019-10-18,108.42,108.65,108.73,108.39,108.6,-0.1799999999999926,-0.16574585635358438,0.3400000000000034,100.31368207399207,0.31307550644567533,108.56399999999992,107.87799999999997,107.86633333333334,108.47732487995209,0.854590455203078,83.11545499696378,80.88459844689392,87.57716809710351,1.344603178662439,57.34885932507841,0.14720000000000083
2019-10-20,108.48,108.42,108.53,108.3,108.42,0.060000000000002274,0.055340343110129385,0.23000000000000398,100.21237303785782,0.21213798192215827,108.59199999999991,107.92799999999997,107.87966666666668,108.47821658663473,0.7514096273208595,76.32533601104784,79.36484430161188,70.24631942991974,1.3870905458331106,58.107998804419324,0.11359999999999673
2019-10-21,108.69,108.59,108.72,108.53,108.48,0.20999999999999375,0.1935840707964544,0.18999999999999773,100.17506680180594,0.17514749262536664,108.59399999999991,108.03266666666666,107.91033333333334,108.54881105775648,0.7663758150422089,78.66133511847626,79.13034124056668,77.72332287429543,1.5472352374764007,60.74174912126605,0.11519999999999583
2019-10-22,108.31,108.47,108.53,108.25,108.69,-0.37999999999999545,-0.3496181801453634,0.28000000000000114,100.25866050808314,0.25761339589658766,108.49999999999991,108.13466666666665,107.91600000000001,108.46920737183764,0.5524544899719851,57.996445634539725,72.08570937189103,29.81791815983712,1.1792260911913124,54.1121499948024,0.11599999999999681
2019-10-23,108.62,108.68,108.69,108.59,108.31,0.3100000000000023,0.286215492567632,0.09999999999999432,100.0920895110047,0.09232757824761731,108.5039999999999,108.24666666666666,107.93066666666668,108.51947158122509,0.5612384775951624,58.88287632466609,67.68476502281605,41.27909892836618,1.3881869985529467,58.12723205486332,0.120799999999997
2019-10-24,108.65,108.61,108.7,108.58,108.62,0.030000000000001137,0.027619222979194565,0.12000000000000455,100.11051759071651,0.11047689191677826,108.54999999999991,108.33133333333332,107.94766666666669,108.56298105415006,0.5587557234672275,61.113174380378815,65.4942348086703,52.351053523795855,1.4099645620993213,58.505613911231144,0.12400000000000092
2019-10-25,108.66,108.61,108.78,108.52,108.65,0.009999999999990905,0.009203865623553525,0.2600000000000051,100.23958717287135,0.23930050621261398,108.5859999999999,108.43133333333331,107.97200000000002,108.5953207027667,0.5397138871839491,64.30533464439036,65.09793475391031,62.72013442535044,1.417782149013397,58.63978065980588,0.11040000000000987
2019-10-27,108.78,108.64,108.8,108.67,108.66,0.12000000000000455,0.11043622308117482,0.12999999999999545,100.11962823226281,0.119639241671264,108.6039999999999,108.51266666666666,108.0126666666667,108.65688046851113,0.5672174185315753,74.9914352174726,68.3957682417644,88.182769168889,1.5188094260569331,60.29870344079787,0.11760000000000162
2019-10-28,108.97,108.94,109.06,108.94,108.78,0.18999999999999773,0.174664460378744,0.12000000000000455,100.11015237745549,0.11031439602868591,108.73599999999992,108.57999999999998,108.05433333333336,108.7612536456741,0.6560981066145941,79.62391977461124,72.13848541938002,94.59478848507368,1.6910738856311587,62.840113556917,0.11120000000000232
2019-10-29,108.84,108.87,109.06,108.78,108.97,-0.12999999999999545,-0.11929888960263875,0.28000000000000114,100.25740025740026,0.25695145452877044,108.77999999999993,108.60799999999998,108.09800000000003,108.78750243044941,0.615951778543744,77.36244857402073,73.87980647092692,84.32773278020835,1.500600147324714,60.00960005261706,0.10000000000000284
2019-10-30,108.66,108.83,108.91,108.58,108.84,-0.18000000000000682,-0.1653803748621893,0.3299999999999983,100.30392337447043,0.30319735391400066,108.78199999999993,108.63199999999999,108.14400000000002,108.7450016202996,0.47681475870455403,68.44739369955273,72.0690022138022,61.20417667105383,1.284812699166768,56.232736260408444,0.09840000000000089
2019-10-31,107.94,108.02,108.06,107.89,108.66,-0.7199999999999989,-0.6626173384870226,0.1700000000000017,100.15756789322458,0.15645131603165996,108.63799999999995,108.60533333333333,108.15233333333336,108.4766677468664,0.013319793955437309,47.056097224203164,63.73136721726919,13.705557238071108,0.7933638817955694,44.23886807630082,0.27919999999999734
2019-11-01,108.19,108.02,108.33,107.89,107.94,0.25,0.23161015378914213,0.4399999999999977,100.40782278246361,0.40763387066888807,108.51999999999994,108.57266666666666,108.16600000000001,108.38111183124427,-0.13197568942141386,39.91774002981057,55.79349148811631,8.166237113199074,0.9363950446086913,48.357645162117166,0.36399999999999866
2019-11-03,108.22,108.17,108.25,108.19,108.19,0.030000000000001137,0.02772899528607185,0.060000000000002274,100.05545799057214,0.0554579905721437,108.36999999999993,108.53533333333333,108.17500000000001,108.32740788749618,-0.19619143820273716,36.013536088249715,49.200173021494116,9.64026222176092,0.9548790718030031,48.84594068124681,0.30400000000000205
2019-11-04,108.77,108.56,108.78,108.56,108.22,0.5499999999999972,0.5082239881722391,0.21999999999999886,100.20265291083273,0.20328959526889567,108.35599999999992,108.54666666666667,108.20366666666669,108.47493859166411,0.051695664101695515,49.08024913005804,49.16019839101543,48.92035060814328,1.3198201215368368,56.89320948998756,0.28719999999999857
2019-11-05,109.05,109.15,109.19,109.0,108.77,0.28000000000000114,0.2574239220373275,0.18999999999999773,100.17431192660551,0.1746805185253266,108.43399999999993,108.58866666666667,108.23333333333336,108.66662572777608,0.3358255384841658,62.46375583029508,53.59471753744197,80.2018324160013,1.5198996900622415,60.315880670023816,0.38079999999999925
2019-11-06,108.69,108.96,108.98,108.69,109.05,-0.35999999999999943,-0.33012379642365836,0.29000000000000625,100.26681387432149,0.2659330582301754,108.58399999999992,108.60266666666666,108.26533333333336,108.67441715185072,0.3069490522853517,62.15532439968387,56.44825315818927,73.56946688267307,1.1901802021026218,54.34165649748921,0.30319999999999536
2019-11-07,109.22,109.27,109.41,109.14,108.69,0.5300000000000011,0.48762535651854,0.269999999999996,100.24738867509619,0.24841291747170488,108.78999999999992,108.63799999999999,108.33533333333337,108.85627810123383,0.5448292767622409,70.60354959978929,61.16668530538927,89.47727818858932,1.5341242058908486,60.538635096283336,0.2760000000000019
2019-11-08,109.28,109.27,109.47,109.08,109.22,0.060000000000002274,0.054934993590919495,0.39000000000000057,100.35753575357535,0.3570774583409637,109.00199999999991,108.70266666666666,108.4186666666667,108.99751873415589,0.6920628378845743,76.39392758129416,66.24243273069091,96.69691728250066,1.576056421156759,61.18097446208272,0.21760000000000163
2019-11-10,109.06,109.27,109.25,109.02,109.28,-0.21999999999999886,-0.20131771595900336,0.23000000000000398,100.21097046413503,0.21046852122987186,109.0599999999999,108.732,108.48933333333336,109.01834582277058,0.6391619161782152,75.61282935799363,69.36589827312515,88.10669152773059,1.3521666994189192,57.48600640222308,0.15200000000000385
2019-11-11,109.15,109.04,109.19,108.97,109.06,0.09000000000000341,0.08252338162479682,0.21999999999999886,100.20189042855831,0.20172382174949463,109.0799999999999,108.76533333333333,108.54833333333336,109.06223054851371,0.6276700481914037,76.99083138634188,71.90754264419739,87.15740887063086,1.4147512168459286,58.58786640115381,0.16400000000000148
2019-11-12,108.97,109.0,109.05,108.86,109.15,-0.18000000000000682,-0.1649106733852559,0.18999999999999773,100.17453610141467,0.17407237746220589,109.13599999999992,108.786,108.60866666666669,109.03148703234247,0.5047812672208845,71.63972092422793,71.8182687375409,71.28262529760198,1.2466993572869804,55.490261892113686,0.09679999999999893
2019-11-13,108.7,108.81,108.86,108.7,108.97,-0.269999999999996,-0.24777461686702396,0.1599999999999966,100.14719411223551,0.1468294025878651,109.03199999999993,108.78066666666668,108.64666666666669,108.92099135489498,0.2764291470953747,52.88801907769045,65.50818551759075,27.64768619788987,1.0459903485595088,51.12391411308193,0.15759999999999935
2019-11-14,108.6,108.39,108.63,108.38,108.7,-0.10000000000000853,-0.09199632014720195,0.25,100.23066986528879,0.22999080036798528,108.89599999999993,108.756,108.66800000000002,108.81399423659666,0.08143452465258894,41.986508131304284,57.66762638882859,10.624271616255683,0.9828764538843844,49.56821449762865,0.19680000000000178
2019-11-15,108.75,108.39,108.86,108.38,108.6,0.15000000000000568,0.13812154696133122,0.480000000000004,100.4428861413545,0.4419889502762468,108.83399999999992,108.75,108.67900000000002,108.79266282439778,0.03991355194915863,39.30599013034975,51.54708096933564,14.82380845237796,1.0803469655536377,51.93109531448412,0.18079999999999927
2019-11-17,108.8,108.73,108.86,108.67,108.75,0.04999999999999716,0.04597701149425026,0.18999999999999773,100.17484126253795,0.1747126436781588,108.76399999999992,108.75933333333333,108.69566666666668,108.79510854959852,0.03940759521229642,39.048030117480884,47.38073068538406,22.38262898167453,1.1153363799990073,52.72619478134872,0.09679999999999608
2019-11-18,108.65,108.66,108.71,108.47,108.8,-0.14999999999999147,-0.13786764705881568,0.23999999999999488,100.22125933437816,0.22058823529411295,108.6999999999999,108.80666666666666,108.706,108.74673903306568,-0.03791485448966275,34.28890081226583,43.01678739434465,16.83312764810819,1.0020607083247184,50.051464681269394,0.05999999999999943
2019-11-19,108.55,108.66,108.83,108.45,108.65,-0.10000000000000853,-0.0920386562356268,0.37999999999999545,100.3503918856616,0.34974689369534784,108.66999999999989,108.83066666666666,108.70166666666668,108.68115935537712,-0.1318003369728769,29.372677169863078,38.468750652850794,11.180530203887642,0.9339598758418216,48.29261907180385,0.0839999999999975
2019-11-20,108.48,108.6,108.61,108.28,108.55,-0.06999999999999318,-0.06448641179179473,0.3299999999999983,100.30476542297745,0.3040073698756318,108.64599999999989,108.84799999999998,108.69166666666668,108.61410623691808,-0.21642589540108584,26.907792105916176,34.61509780387259,11.493180710003358,0.888443175947407,47.04632828052593,0.10480000000000018
2019-11-21,108.62,108.63,108.72,108.56,108.48,0.14000000000000057,0.12905604719764063,0.1599999999999966,100.14738393515105,0.14749262536872842,108.61999999999989,108.83799999999998,108.69233333333335,108.61607082461205,-0.18634896471183257,32.65714278922572,33.962446132323635,30.046536103029894,0.9934112495651307,49.834736800138295,0.08400000000000034
2019-11-22,108.66,108.63,108.73,108.47,108.62,0.03999999999999204,0.03682563063891737,0.2600000000000051,100.23969761224303,0.2393665991530152,108.5919999999999,108.81199999999998,108.70033333333335,108.63071388307469,-0.14085770491312027,43.6105089859204,37.178467083522555,56.47459279071607,1.0257091183705775,50.63457083096059,0.061599999999998545
2019-11-24,108.78,108.64,108.81,108.64,108.66,0.12000000000000455,0.11043622308117482,0.1700000000000017,100.15648011782032,0.15645131603165996,108.6179999999999,108.81799999999998,108.71033333333335,108.68047592204978,-0.04790581408007602,57.809304841188386,44.0554130027445,85.31708851807616,1.1300560791266616,53.05287922701043,0.08240000000000407
2019-11-25,109.0,108.9,109.19,108.91,108.78,0.21999999999999886,0.2022430593859155,0.28000000000000114,100.25709301257919,0.25740025740025846,108.7079999999999,108.80333333333331,108.72066666666667,108.78698394803318,0.1193874520132231,64.91316293441868,51.007996313302556,92.72349617665094,1.3360744375425109,57.193144878894614,0.1455999999999989
2019-11-26,109.14,109.03,109.16,109.02,109.0,0.14000000000000057,0.12844036697247757,0.14000000000000057,100.1284168042561,0.12844036697247757,108.83999999999989,108.794,108.74833333333335,108.90465596535546,0.28297978079761943,74.77727345811071,58.93108869490527,106.46964298452161,1.477261844009318,59.632850180199256,0.18400000000000033
2019-11-27,109.45,109.55,109.58,109.33,109.14,0.3100000000000023,0.2840388491845357,0.25,100.22866550809475,0.22906358805204327,109.0059999999999,108.82,108.77600000000001,109.08643731023697,0.5234070033871311,79.85151563874058,65.90456434285038,107.74541823052098,1.8139395055840128,64.46263332898278,0.23120000000000118
2019-11-28,109.47,109.5,109.59,109.45,109.45,0.01999999999999602,0.018273184102326197,0.14000000000000057,100.12791228871632,0.12791228871630933,109.16799999999992,108.84133333333332,108.80333333333333,109.21429154015799,0.6527690600089296,83.5142419779898,71.77445688789685,106.9938121581757,1.8373315019217038,64.75561634857587,0.23360000000000128
2019-11-29,109.5,109.5,109.67,109.39,109.47,0.030000000000001137,0.027404768429707807,0.28000000000000114,100.2559648962428,0.2557778386772642,109.31199999999993,108.87666666666665,108.83133333333333,109.30952769343867,0.716960766006211,84.93275604288046,76.16055660622472,102.47715491619195,1.8751185729287523,65.21882577589328,0.19360000000000355
2019-12-01,109.66,109.51,109.72,109.49,109.5,0.1599999999999966,0.1461187214611841,0.23000000000000398,100.21006484610466,0.21004566210046025,109.44399999999992,108.94066666666666,108.86066666666666,109.42635179562576,0.8059661515550185,88.35517069525356,80.22542796923433,104.61465614729204,2.09215200640512,67.66006334977749,0.12159999999999797
2019-12-02,109.19,108.98,109.2,108.95,109.66,-0.46999999999999886,-0.4285974831296725,0.25,100.22946305644791,0.2279773846434434,109.45399999999992,108.98,108.868,109.34756786375051,0.5883207381822736,78.10344713016902,79.51810102287924,75.27413934474859,1.2404723332722984,55.36655440241654,0.10720000000000027
2019-12-03,108.58,108.62,108.67,108.48,109.19,-0.6099999999999994,-0.5586592178770945,0.18999999999999773,100.17514749262537,0.17400860884696193,109.27999999999993,108.96866666666666,108.85933333333332,109.09171190916702,0.12973180028733744,54.75713679645662,71.26444628073837,21.742517827893124,0.7906216331121497,44.15347265396473,0.31599999999999967
2019-12-04,108.85,108.85,108.94,108.8,108.58,0.269999999999996,0.24866457911217169,0.14000000000000057,100.12867647058823,0.12893718916927663,109.15599999999992,108.972,108.86566666666666,109.011141272778,-0.007435591323596336,46.45099442344398,62.99329566164024,13.366391947051468,0.9634837912715684,49.07011687871425,0.352800000000002
2019-12-05,108.68,108.75,108.78,108.67,108.85,-0.1699999999999875,-0.15617822691776526,0.10999999999999943,100.10122388883778,0.10105649977032562,108.99199999999992,108.97399999999999,108.89033333333332,108.90076084851869,-0.17285089917516566,36.34367370165092,54.1100883416438,0.8108444216651662,0.862400625640754,46.305859962007226,0.3463999999999999
2019-12-06,108.62,108.75,108.92,108.53,108.68,-0.060000000000002274,-0.05520794994479414,0.39000000000000057,100.35934764581222,0.3588516746411488,108.78399999999992,108.97866666666667,108.90466666666664,108.80717389901247,-0.2925910205973327,27.9925566613157,45.4042444482011,-6.830818912455101,0.8293295314553017,45.3351633587601,0.18880000000000052
2019-12-08,108.58,108.59,108.67,108.55,108.62,-0.04000000000000625,-0.03682563063893045,0.12000000000000455,100.11054813450025,0.11047689191677826,108.66199999999995,108.98533333333333,108.91666666666666,108.73144926600831,-0.3706690900749916,21.349876483887744,37.38612179342998,-10.722614135196721,0.8071084685051254,44.66297859656321,0.08240000000000122
2019-12-09,108.63,108.55,108.67,108.55,108.58,0.04999999999999716,0.04604899613188171,0.12000000000000455,100.11054813450025,0.11051759071652657,108.67199999999994,108.986,108.91199999999999,108.69763284400555,-0.37585482613490884,18.265509053774412,31.012584213544788,-7.228641265766335,0.8431773268074567,45.74586039792021,0.07439999999999714
2019-12-10,108.75,108.7,108.84,108.67,108.63,0.12000000000000455,0.1104667219000318,0.1700000000000017,100.1564369191129,0.15649452269170738,108.65199999999993,108.99199999999999,108.90199999999999,108.71508856267037,-0.30294910926368224,19.435070551978566,27.153412993022712,3.9983856698902684,0.936401452881183,48.35781606587342,0.05040000000000191
2019-12-11,108.56,108.54,108.59,108.45,108.75,-0.18999999999999773,-0.1747126436781588,0.14000000000000057,100.12909174734901,0.12873563218390857,108.62799999999993,108.97733333333332,108.89766666666665,108.66339237511359,-0.3436336823351701,17.845602590207907,24.050809525417776,5.435188719788172,0.8079676526749189,44.689275910413386,0.04959999999999809
2019-12-12,109.61,109.29,109.62,109.25,108.56,1.0499999999999972,0.9672070744288845,0.37000000000000455,100.33867276887871,0.34082535003685016,108.82599999999994,109.01799999999999,108.91066666666666,108.97892825007573,0.17591353039942673,44.94550144190484,31.015706830913462,72.8050906638876,1.624244795443442,61.893798866007806,0.3135999999999967
2019-12-13,109.34,109.29,109.7,109.2,109.61,-0.269999999999996,-0.2463278897910738,0.5,100.45787545787546,0.4561627588723657,108.97799999999992,109.03133333333331,108.91266666666665,109.09928550005048,0.3364487259276401,53.69700096126991,38.57613820769894,83.93872646841184,1.324782940111599,56.985231492106706,0.3975999999999999
2019-12-15,109.38,109.36,109.44,109.31,109.34,0.03999999999999204,0.03658313517467719,0.12999999999999545,100.11892781996157,0.11889518931772036,109.12799999999993,109.02666666666663,108.92333333333333,109.19285700003365,0.4367713898161542,60.59800064084641,45.91675901874809,89.96048388504305,1.3541980813258274,57.522690722913836,0.3783999999999992
2019-12-16,109.55,109.49,109.63,109.5,109.38,0.1700000000000017,0.1554214664472497,0.12999999999999545,100.1187214611872,0.11885170963612678,109.28799999999993,109.03199999999995,108.93666666666667,109.3119046666891,0.5633229450598012,69.73200042723079,53.85517282157565,101.48565563854106,1.4888289199602098,59.82046045913082,0.2912000000000091
2019-12-17,109.44,109.47,109.57,109.42,109.55,-0.10999999999999943,-0.1004107713372884,0.14999999999999147,100.13708645585815,0.13692377909629527,109.46399999999994,109.02799999999996,108.95233333333334,109.35460311112608,0.5589220404551637,72.8880002848204,60.19944864265724,98.26510356914669,1.361133929990926,57.64746813816516,0.09279999999999688
2019-12-18,109.59,109.53,109.69,109.53,109.44,0.15000000000000568,0.13706140350877713,0.1599999999999966,100.14607869989958,0.1461988304093536,109.45999999999995,109.02333333333328,108.98200000000001,109.43306874075073,0.6091999074924372,78.99200018988027,66.46363249173159,104.04873558617763,1.4870880329974174,59.792335987608425,0.08799999999999955
2019-12-19,109.31,109.37,109.42,109.3,109.59,-0.28000000000000114,-0.2554977643945626,0.12000000000000455,100.10978956999085,0.10949904188338767,109.45399999999992,109.03133333333328,109.00566666666668,109.39204582716714,0.4726736413792612,75.5946667932535,69.50731059223888,87.76937919528271,1.1866326061374943,54.267580333652056,0.09279999999999973
2019-12-20,109.45,109.37,109.53,109.26,109.31,0.14000000000000057,0.12807611380477593,0.269999999999996,100.24711696869852,0.24700393376634894,109.46799999999993,109.08933333333329,109.02900000000001,109.4113638847781,0.44421435522559305,77.06311119550233,72.0259107933267,87.13751199985359,1.2954248819115226,56.43508058659508,0.08160000000000026
2019-12-22,109.41,109.44,109.53,109.38,109.45,-0.04000000000000625,-0.03654636820466538,0.15000000000000568,100.13713658804168,0.13704888076747893,109.43999999999994,109.12666666666662,109.04933333333334,109.41090925651872,0.3893858792874322,65.3754074636678,69.80907635010708,56.508069690789256,1.2534656866335117,55.62390827907764,0.06400000000000432
2019-12-23,109.39,109.39,109.44,109.36,109.41,-0.01999999999999602,-0.01827986472899737,0.0799999999999983,100.07315288953913,0.07311945891600247,109.42999999999992,109.17399999999996,109.074,109.40393950434581,0.33146860064709327,56.25027164244505,65.28947478088641,38.171865365562326,1.231978831819645,55.196707704224096,0.07199999999999988
2019-12-24,109.38,109.39,109.42,109.36,109.39,-0.010000000000005116,-0.00914160343724757,0.060000000000002274,100.05486466715436,0.054849620623459425,109.38799999999992,109.22466666666664,109.10166666666666,109.39595966956388,0.27915744475972454,46.80250667635813,59.12715207937698,22.153215870320437,1.2207113190512942,54.96938339436177,0.03440000000000225
2019-12-25,109.55,109.35,109.58,109.31,109.38,0.1700000000000017,0.1554214664472497,0.269999999999996,100.24700393376635,0.2468458584750375,109.43599999999992,109.2893333333333,109.13733333333333,109.44730644637592,0.3229900637846551,53.68229127261062,57.31219847712152,46.42247686358881,1.3881510116076796,58.126601075917314,0.051200000000000044
2019-12-26,109.45,109.63,109.64,109.44,109.55,-0.09999999999999432,-0.09128251939753018,0.20000000000000284,100.18274853801171,0.18256503879507335,109.43599999999992,109.34399999999997,109.16499999999999,109.44820429758396,0.2851568984065439,50.51687635228313,55.047091102175386,41.4564468524986,1.2550295350071896,55.65468281120266,0.05120000000000289
2019-12-27,109.45,109.63,109.64,109.44,109.45,0.0,0.0,0.20000000000000284,100.18274853801171,0.18273184102330092,109.44399999999993,109.39066666666663,109.19133333333333,109.44880286505598,0.2515269388468356,48.406599738731465,52.83359398102741,39.55261125413956,1.2550295350071896,55.65468281120266,0.04720000000000084
2019-12-29,109.16,109.41,109.5,109.06,109.45,-0.29000000000000625,-0.2649611694837883,0.4399999999999977,100.40344764349899,0.40201005025125414,109.39799999999994,109.43066666666664,109.20399999999998,109.35253524337065,0.07556012947701135,38.01819292926894,47.895126963774594,18.264324860257645,0.948956493683532,48.690491386495864,0.10240000000000293
2019-12-30,108.68,108.86,108.89,108.61,109.16,-0.47999999999998977,-0.43972150971050733,0.28000000000000114,100.25780314888134,0.25650421399780243,109.25799999999992,109.36866666666666,109.19333333333331,109.12835682891377,-0.27220432981625764,27.61083412113099,41.13369601622673,0.565110330939504,0.6614276575363198,39.810800941951975,0.27040000000000075
2019-12-31,108.61,108.61,108.62,108.61,108.68,-0.07000000000000739,-0.06440927493559752,0.010000000000005116,100.0092072553172,0.009201324990803382,109.06999999999994,109.31999999999998,109.17566666666666,108.95557121927584,-0.49955889652583674,18.407222747420658,33.558204926624704,-11.894741610987438,0.6313828536152167,38.702310264941445,0.33999999999999775
2020-01-01,108.72,108.7,108.77,108.61,108.61,0.10999999999999943,0.1012798084890889,0.1599999999999966,100.14731608507503,0.147316085075036,108.92399999999994,109.276,109.15133333333331,108.87704747951723,-0.556515781099815,15.831352381775561,27.649254078341656,-7.804451011356626,0.7082545299205899,41.46071428556456,0.3048000000000002
2020-01-02,108.16,108.57,108.64,108.0,108.72,-0.5600000000000023,-0.5150846210448881,0.6400000000000006,100.5925925925926,0.588668138337013,108.66599999999991,109.18333333333334,109.10766666666665,108.63803165301148,-0.8492448554188905,13.806267441508842,23.03492519939738,-4.651048074268239,0.49826189864630266,33.255994769438374,0.22480000000000472
2020-01-03,108.12,108.57,108.64,107.83,108.16,-0.03999999999999204,-0.0369822485207027,0.8100000000000023,100.75118241676712,0.7488905325443808,108.45799999999993,109.09533333333333,109.06166666666665,108.46535443534098,-1.0057929631982068,14.544878110177274,20.204909502990677,3.2248153245504696,0.48715135631785117,32.757348755948115,0.2544000000000011
2020-01-05,108.06,108.08,108.12,107.77,108.12,-0.060000000000002274,-0.05549389567147824,0.3500000000000085,100.32476570474158,0.323714391416952,108.33399999999992,108.99333333333333,109.00833333333331,108.33023629022732,-1.086437955238169,14.86592587024306,18.425248292074805,7.7472810265795715,0.47021386999345566,31.98268494063035,0.2648000000000025
2020-01-06,108.5,108.36,108.5,108.31,108.06,0.4399999999999977,0.4071811956320542,0.18999999999999773,100.17542239867048,0.17582824356838583,108.31199999999993,108.93933333333332,108.98533333333332,108.38682419348488,-0.8674309672944331,22.923094965188813,19.92453051644614,28.920223862674163,0.7447952927398787,42.68668627425715,0.23839999999999578
2020-01-07,108.33,108.42,108.53,107.64,108.5,-0.1700000000000017,-0.15668202764977116,0.8900000000000006,100.82683017465625,0.8202764976958531,108.23399999999992,108.86466666666665,108.97699999999999,108.3678827956566,-0.7896709000438719,27.647654707975303,22.49890524695586,37.94515363001418,0.6684281075879895,40.06334492616057,0.14480000000000076
2020-01-08,109.2,109.12,109.25,109.02,108.33,0.8700000000000045,0.8031016338964319,0.23000000000000398,100.21097046413503,0.21231422505308223,108.44199999999994,108.85066666666665,108.98866666666665,108.6452551971044,-0.2735066381461125,50.72990645127965,31.909238981730457,88.37124139037806,1.2335275444709206,55.22777399922862,0.326400000000001
2020-01-09,109.54,109.51,109.58,109.45,109.2,0.3400000000000034,0.31135531135531447,0.12999999999999545,100.11877569666514,0.11904761904761488,108.72599999999993,108.86066666666665,109.01733333333331,108.94350346473628,0.2107316912578124,66.4659857441522,43.428154569204374,112.54164809404789,1.471358960877885,59.53643255268849,0.5152000000000015
2020-01-10,109.48,109.51,109.69,109.44,109.54,-0.060000000000002274,-0.05477451159394035,0.25,100.22843567251462,0.2282271316414095,109.00999999999995,108.86733333333332,109.04599999999999,109.12233564315751,0.45490142704334807,74.22935634976011,53.69522182938962,115.2976253905011,1.4077312932292714,58.46712617757313,0.47600000000000475
2020-01-12,109.63,109.46,109.64,109.5,109.48,0.14999999999999147,0.13701132626963047,0.14000000000000057,100.12785388127854,0.1278772378516629,109.23599999999995,108.87266666666666,109.08099999999999,109.29155709543834,0.6545926838253722,81.84396114374248,63.0781349341739,119.37561356287961,1.524157850995797,60.382826311536206,0.37679999999999725
2020-01-13,110.07,109.93,110.2,109.92,109.63,0.4399999999999977,0.4013499954392026,0.28000000000000114,100.254730713246,0.25540454255222217,109.58399999999995,108.91399999999999,109.12899999999999,109.55103806362554,0.9663103517048393,86.20326576249487,70.78651187694756,117.03677353358947,1.891946361683917,65.42121205119025,0.2127999999999986
2020-01-14,109.88,109.97,110.02,109.81,110.07,-0.18999999999999773,-0.17261742527482304,0.20999999999999375,100.19123941353246,0.1907876805669063,109.71999999999994,108.94266666666664,109.16666666666667,109.66069204241701,1.0132780002443516,86.6355105083298,76.06951142074165,107.76750868350612,1.6156196370663338,61.76814144423555,0.20399999999999352
2020-01-15,109.93,109.88,110.0,109.86,109.88,0.05000000000001137,0.04550418638515778,0.14000000000000057,100.1274349171673,0.12741172187841335,109.79799999999996,108.99399999999997,109.21233333333333,109.75046136161136,1.0245379953623175,87.5747153388866,79.90457939345663,102.91498722974654,1.6570115174541458,62.36373107790799,0.19439999999999885
2020-01-16,110.21,110.14,110.28,110.14,109.93,0.2799999999999869,0.25470754116254607,0.14000000000000057,100.12711094970037,0.1273537705812795,109.94399999999996,109.09599999999998,109.23233333333333,109.90364090774091,1.130424144586824,90.8326385087526,83.54726576522195,105.40338399581387,1.906636396100577,65.59597198529687,0.15679999999999836
2020-01-17,110.14,110.14,110.28,110.05,110.21,-0.06999999999999318,-0.06351510752199727,0.23000000000000398,100.20899591094957,0.20869249614372923,110.04599999999996,109.198,109.25899999999999,109.98242727182726,1.1109325668845278,90.18472196879803,85.75975116641398,99.03466357356612,1.786567119097184,64.11355057099831,0.11279999999999575
2020-01-19,110.19,110.14,110.22,110.08,110.14,0.04999999999999716,0.04539676775013361,0.14000000000000057,100.12718023255813,0.12711094970038184,110.06999999999998,109.29599999999999,109.28599999999999,110.05161818121819,1.0794515520631187,89.88505274110332,87.13485169131043,95.3854548406891,1.8350089628064516,64.72674290912741,0.13200000000000217
2020-01-20,109.97,110.18,110.22,109.9,110.19,-0.21999999999999886,-0.1996551411198828,0.3199999999999932,100.2911737943585,0.2904074779925521,110.088,109.41666666666666,109.29999999999997,110.02441212081213,0.9061909308216254,80.95511452581486,85.07493930281191,72.71546497182078,1.4924355787458097,59.878601937499276,0.1103999999999985
2020-01-21,110.02,109.86,110.09,109.83,109.97,0.04999999999999716,0.04546694553059667,0.2600000000000051,100.2367294910316,0.23642811675912076,110.106,109.54333333333331,109.3193333333333,110.02294141387476,0.7932325349689646,76.19229857276527,82.11405905946303,64.34877759936975,1.5381283432836768,60.60088912973327,0.08880000000000052
2020-01-22,109.61,109.83,109.86,109.58,110.02,-0.4099999999999966,-0.3726595164515512,0.28000000000000114,100.25552108048915,0.2544991819669161,109.98599999999999,109.64666666666663,109.31999999999996,109.88529427591651,0.488313421249807,52.22343714374832,72.15051842089146,12.369274589462037,1.0959215300554135,52.28829010723692,0.15680000000000122
2020-01-23,109.53,109.48,109.58,109.44,109.61,-0.0799999999999983,-0.07298604141957696,0.14000000000000057,100.12792397660819,0.1277255724842629,109.86399999999999,109.7153333333333,109.32733333333331,109.766862850611,0.24996466513816812,38.387053333927575,60.89603005857017,-6.630900115357619,1.0334864795147884,50.82337600599092,0.23519999999999755
2020-01-24,109.28,109.48,109.66,109.17,109.53,-0.25,-0.22824796859307953,0.4899999999999949,100.4488412567555,0.4473660184424312,109.68199999999997,109.77866666666664,109.32166666666666,109.60457523374066,-0.02540460923914284,28.89467219258834,50.22891076990956,-13.7738049620541,0.8672173343936784,46.4443703697342,0.25039999999999624
2020-01-26,109.11,109.27,109.11,108.73,109.28,-0.1700000000000017,-0.15556368960468678,0.37999999999999545,100.34948956129864,0.3477306002928216,109.50999999999996,109.77266666666664,109.31166666666667,109.43971682249378,-0.2708497274413273,27.4351578058115,42.63099311521021,-2.9565128129859204,0.7758147467439738,43.68781981152373,0.252000000000001
2020-01-27,109.0,108.89,109.05,108.83,109.11,-0.10999999999999943,-0.10081569058748,0.21999999999999886,100.20215014242397,0.20163138117496,109.30599999999997,109.73666666666664,109.29866666666666,109.29314454832918,-0.45854253838385595,24.096556816777483,36.4528476823993,-0.616024914466152,0.7227339487630613,41.95273154522733,0.21119999999999947
2020-01-28,109.19,109.13,109.27,109.08,109.0,0.18999999999999773,0.17431192660550252,0.18999999999999773,100.17418408507517,0.17431192660550252,109.22199999999995,109.7173333333333,109.29233333333333,109.25876303221946,-0.453612421732594,26.355198951677053,33.08696477215855,12.891667310714055,0.8500036462607174,45.94605248366781,0.1464000000000027
2020-01-29,108.91,108.99,109.06,108.84,109.19,-0.28000000000000114,-0.2564337393534217,0.21999999999999886,100.20213156927599,0.20148365234911517,109.09799999999996,109.6693333333333,109.27099999999999,109.1425086881463,-0.573184221970265,21.596978272035113,29.256969272117406,6.276996271870523,0.7071679666876571,41.423455716530576,0.11440000000000054
2020-01-30,109.07,108.95,109.14,108.88,108.91,0.1599999999999966,0.14691029290239335,0.2600000000000051,100.23879500367376,0.23872922596639895,109.05599999999995,109.60266666666664,109.25833333333334,109.11833912543086,-0.538915168951948,22.731318848023147,27.081752464085984,14.03045161589747,0.8105779698375789,44.76901759222738,0.08079999999999928
2020-01-31,108.38,108.95,109.14,108.33,109.07,-0.6899999999999977,-0.6326212524067092,0.8100000000000023,100.74771531431736,0.7426423397817936,108.90999999999994,109.50266666666663,109.22266666666668,108.87222608362056,-0.8445546372158781,16.243537184085085,23.469014037419015,1.7925834774172245,0.5475916490886191,35.383471435187516,0.21200000000000047
2020-02-02,108.47,108.38,108.58,108.31,108.38,0.09000000000000341,0.08304115150397068,0.269999999999996,100.24928446126857,0.2491234545118989,108.80399999999995,109.4053333333333,109.19966666666667,108.7381507224137,-0.943322379787015,14.779642073340606,20.572556716059545,3.193812787902729,0.5931655774301043,37.23188511183658,0.30319999999999825
2020-02-03,108.73,108.67,108.78,108.55,108.47,0.2600000000000051,0.23969761224302122,0.23000000000000398,100.21188392445879,0.21204019544574906,108.71199999999995,109.30666666666663,109.20133333333335,108.73543381494248,-0.8314500970589487,20.223465085930858,20.45619283934998,19.758009579092615,0.7349511322702782,42.36148895493987,0.2295999999999964
2020-02-04,109.47,109.51,109.53,109.37,108.73,0.7399999999999949,0.6805849351604845,0.1599999999999966,100.14629240193838,0.1471534994941567,108.82399999999996,109.26199999999996,109.23,108.98028920996165,-0.3590926079276544,45.17629912832543,28.69622826900847,78.13644084695935,1.169536442372101,53.907204300904375,0.35679999999999834
2020-02-05,109.95,109.8,109.97,109.72,109.47,0.480000000000004,0.438476294875312,0.25,100.22785271600438,0.2283730702475564,108.99999999999996,109.24599999999995,109.271,109.30352613997444,0.17365421489584607,63.04925965984756,40.147238732621496,108.85330151429967,1.4731137068091378,59.5651426278244,0.5680000000000007
2020-02-06,109.92,109.99,110.03,109.81,109.95,-0.030000000000001137,-0.027285129604366652,0.21999999999999886,100.20034605227211,0.2000909504320135,109.30799999999995,109.24266666666662,109.32966666666668,109.50901742664962,0.4628743931700164,73.23439016082862,51.17628920869054,117.35059206510478,1.4436161746515934,59.0770428525839,0.5664000000000016
2020-02-07,109.77,109.99,110.03,109.53,109.92,-0.15000000000000568,-0.13646288209607504,0.5,100.45649593718615,0.4548762736535662,109.56799999999994,109.22599999999996,109.38466666666667,109.59601161776641,0.5374180228741017,77.11750041729651,59.8233596115592,111.70578202877113,1.3031129881224426,56.58050624710228,0.3743999999999971
2020-02-09,109.77,109.72,109.88,109.56,109.77,0.0,0.0,0.3199999999999932,100.29207740051113,0.2915186298624335,109.77599999999993,109.23666666666664,109.44166666666668,109.6540077451776,0.559023272384821,79.7062405882751,66.45098660379783,106.21674855722964,1.3031129881224424,56.58050624710227,0.12720000000000198
2020-02-10,109.88,109.74,109.91,109.74,109.77,0.10999999999999943,0.10020952901521313,0.1700000000000017,100.15491160925825,0.15486927211442264,109.85799999999992,109.25999999999996,109.48766666666668,109.72933849678505,0.6042579732960476,83.56385031466391,72.15527450741986,106.381001929152,1.385889138942985,58.086904220410354,0.07040000000000361
2020-02-11,109.83,109.77,109.89,109.77,109.88,-0.04999999999999716,-0.04550418638514485,0.12000000000000455,100.10931948619842,0.10921004732435799,109.83399999999992,109.29666666666662,109.53766666666668,109.76289233119003,0.5808348026639104,85.16659788419449,76.49238229967807,102.51502905322732,1.331920014199361,57.116882486926166,0.05279999999999916
2020-02-12,109.88,110.08,110.11,109.81,109.83,0.04999999999999716,0.04552490212145785,0.29999999999999716,100.27319916218924,0.2731494127287601,109.82599999999994,109.34799999999997,109.56033333333336,109.80192822079334,0.5686494929330889,85.19653534159967,79.39376664698527,96.80207273082848,1.3738574204785365,57.87447083496641,0.044800000000003594
2020-02-13,109.8,109.81,109.91,109.74,109.88,-0.0799999999999983,-0.07280669821623434,0.1700000000000017,100.15491160925825,0.15471423370950282,109.83199999999992,109.4013333333333,109.56900000000003,109.8012854805289,0.4980264879360195,76.1670595971023,78.3181976303576,71.86478353059167,1.2812710128163844,56.16478733206574,0.038399999999998616
2020-02-14,109.78,109.81,109.91,109.69,109.8,-0.01999999999999602,-0.01821493624771951,0.21999999999999886,100.20056522928252,0.20036429872495343,109.83399999999992,109.44066666666663,109.57900000000004,109.7941903203526,0.42638032360619305,65.14585582335559,73.9274170280236,47.58273341401957,1.2584380585819814,55.721610508641724,0.036799999999996655
2020-02-16,109.84,109.74,109.86,109.72,109.78,0.060000000000002274,0.05465476407360382,0.14000000000000057,100.12759752096245,0.1275277828384046,109.82599999999994,109.50266666666661,109.58600000000004,109.8094602135684,0.3973988067543749,61.2466625029269,69.70049885299137,44.338989802797954,1.3160121434166479,56.82233347340005,0.028800000000001092
2020-02-17,109.88,109.74,109.9,109.72,109.84,0.03999999999999204,0.036416605972316135,0.18000000000000682,100.16405395552314,0.16387472687546142,109.83599999999993,109.55666666666662,109.57966666666671,109.83297347571227,0.38447527878710486,60.94605086401996,66.78234952333423,49.27345354539142,1.3573473838107577,57.57943836077926,0.036799999999996655
2020-02-18,110.02,109.86,110.09,109.86,109.88,0.14000000000000057,0.12741172187841335,0.23000000000000398,100.20935736391772,0.20931925737168183,109.86399999999992,109.66599999999995,109.58433333333338,109.89531565047484,0.43187949882932425,68.50948845480094,67.3580625004898,70.81234036342326,1.5131494437578183,60.209290279819676,0.06879999999999598
2020-02-19,111.4,111.35,111.5,111.11,110.02,1.3800000000000097,1.2543173968369477,0.39000000000000057,100.3510035100351,0.354481003453918,110.18399999999993,109.86133333333329,109.63333333333338,110.39687710031656,1.1376257690624023,77.16470501038306,70.62694333712089,90.24022835690741,3.1670482339650854,76.00219762638872,0.48640000000000044
2020-02-20,111.99,112.11,112.19,111.92,111.4,0.5899999999999892,0.5296229802513368,0.269999999999996,100.24124374553251,0.24236983842010415,110.62599999999993,110.07866666666662,109.69266666666671,110.9279180668777,1.8012753441728213,82.10980334025534,74.45456333816571,97.42028334443461,3.9285423257773306,79.71002511696437,0.8552000000000021
2020-02-21,111.56,112.11,112.19,111.48,111.99,-0.4299999999999926,-0.3839628538262279,0.7099999999999937,100.63688554000719,0.633985177247963,110.96999999999991,110.21799999999995,109.74000000000004,111.13861204458514,1.899114934202014,79.67320222683695,76.19410963438946,86.63138741173191,2.4589066057481497,71.08912977476294,0.8160000000000054
2020-02-23,111.55,111.57,111.69,111.34,111.56,-0.010000000000005116,-0.008963786303339114,0.3499999999999943,100.31435243398599,0.31373252061670337,111.3039999999999,110.32466666666662,109.78533333333338,111.27574136305675,1.8738883596263323,77.91546815122463,76.76789580666785,80.2106128403382,2.4360828794850424,70.89709314142424,0.5135999999999996
2020-02-24,110.81,110.71,111.05,110.64,111.55,-0.7399999999999949,-0.6633796503809906,0.4099999999999966,100.37057122198118,0.3675481846705483,111.4619999999999,110.38399999999994,109.81333333333338,111.12049424203785,1.409849243744424,66.87697876748315,73.47092346027296,53.68908938190356,1.4002817941636787,58.33822501876592,0.28559999999999947
2020-02-25,110.47,110.18,110.58,110.14,110.81,-0.3400000000000034,-0.30683151340132064,0.4399999999999977,100.3994915562012,0.3970760761664089,111.27599999999991,110.43066666666661,109.82833333333338,110.90366282802523,0.9098697040451353,54.70611000153398,67.21598564069329,29.686358723215363,1.1568889268128306,53.636926428211126,0.5087999999999994
2020-02-26,110.13,110.42,110.46,110.12,110.47,-0.3400000000000034,-0.30777586675115726,0.3399999999999892,100.30875408645113,0.3077758667511444,110.90399999999991,110.45466666666661,109.8456666666667,110.64577521868348,0.40933565714009024,42.003803428822884,58.81192490340316,8.387560479662326,0.9744786095959819,49.353718235285406,0.5207999999999998
2020-02-27,108.94,109.58,109.67,108.92,110.13,-1.1899999999999977,-1.0805411786070986,0.75,100.68857877341169,0.681013347861618,110.37999999999992,110.39199999999995,109.82600000000004,110.07718347912233,-0.49948820995417753,28.206409217584227,48.61008634146352,-12.600945030174358,0.6112241433885479,37.93538880959722,0.6759999999999963
2020-02-28,108.09,109.58,109.67,107.5,108.94,-0.8499999999999943,-0.7802460069763121,2.1700000000000017,102.01860465116279,1.9919221589865996,109.68799999999995,110.27599999999994,109.78633333333337,109.41478898608155,-1.4385329393804414,22.997591930415098,40.07258820444738,-11.152400617649462,0.4750158867049659,32.20412003602908,0.9384000000000015
2020-03-01,108.16,108.07,108.38,107.39,108.09,0.06999999999999318,0.06476084744194022,0.9899999999999949,100.9218735450228,0.9159034138218104,109.15799999999994,110.16133333333327,109.7546666666667,108.99652599072103,-1.8932086058890572,20.678950175832263,33.60804219490901,-5.179233862321233,0.4947795174707414,33.10050155811197,0.9135999999999967
2020-03-02,107.81,108.3,108.53,107.69,108.16,-0.3499999999999943,-0.3235946745562078,0.8400000000000034,100.78001671464389,0.7766272189349144,108.62599999999993,110.02866666666661,109.71500000000002,108.60101732714736,-2.2578716828246703,16.702633450554856,27.97290594679096,-5.83791154191735,0.4471897819834736,30.90056242454733,0.7271999999999934
2020-03-03,107.39,107.12,107.5,106.86,107.81,-0.4200000000000017,-0.38957425099712617,0.6400000000000006,100.5989144675276,0.5936369539003808,108.07799999999993,109.86933333333329,109.65500000000002,108.1973448847649,-2.5903716600435267,14.792783929079368,23.579531940887094,-2.780712094536085,0.3977498836618616,28.456441907891715,0.3823999999999984
2020-03-04,107.31,107.12,107.69,106.86,107.39,-0.0799999999999983,-0.07449483192103389,0.8299999999999983,100.77671720007486,0.7728838811807415,107.75199999999991,109.70066666666662,109.60166666666669,107.90156325650993,-2.7192003210293603,13.441808220022706,20.200290700598966,-0.07515674112981685,0.38892960949529415,28.002110894347084,0.32160000000000083
2020-03-05,105.84,106.16,106.34,105.75,107.31,-1.4699999999999989,-1.369863013698629,0.5900000000000034,100.5579196217494,0.5498089646817663,107.30199999999991,109.43133333333328,109.49400000000001,107.21437550433996,-3.424384403957809,9.58232349243752,16.660968297878483,-4.574966118444404,0.27031195955940124,21.279179301213304,0.5848000000000042
2020-03-06,105.3,106.16,106.34,105.0,105.84,-0.5400000000000063,-0.510204081632659,1.3400000000000034,101.27619047619048,1.2660619803476978,106.7299999999999,109.11666666666662,109.39133333333335,106.57625033622664,-3.9690812762488523,8.21971749312683,13.847218029627932,-3.035283579875376,0.24120925301644555,19.433407576542592,0.9280000000000029
2020-03-08,102.45,105.3,104.58,101.59,105.3,-2.8499999999999943,-2.7065527065527015,2.989999999999995,102.94320307116843,2.8395061728395015,105.6579999999999,108.51999999999995,109.19066666666669,105.20083355748443,-5.562116687662069,9.0276664475631,12.24070083560632,2.6015976714766573,0.14963974742591168,13.016229454571388,1.4264000000000039
2020-03-09,103.67,102.34,103.81,102.02,102.45,1.2199999999999989,1.1908247925817461,1.7900000000000063,101.7545579298177,1.7471937530502746,104.9139999999999,107.96533333333329,109.02200000000002,104.69055570498962,-5.651714588497092,14.599302384183977,13.026901351798871,17.744104448954186,0.32464720660815527,24.508201503661894,1.4832000000000023
2020-03-10,104.75,105.63,105.67,104.61,103.67,1.0799999999999983,1.0417671457509388,1.0600000000000023,101.01328744861868,1.0224751615703698,104.4019999999999,107.5113333333333,108.8646666666667,104.71037046999307,-4.929364431828812,24.91058199291419,16.98812823217064,40.75548951440128,0.49148912229765856,32.95291363174765,1.073599999999999
2020-03-11,103.41,104.53,104.81,103.09,104.75,-1.3400000000000034,-1.2792362768496452,1.7199999999999989,101.66844504801628,1.6420047732696885,103.9159999999999,106.96866666666664,108.6466666666667,104.27691364666204,-4.981725982362704,25.34864928249992,19.7749685822804,36.49601068293896,0.4018943289588412,28.667947409225917,0.8872000000000014
2020-03-12,104.97,104.63,105.28,104.51,103.41,1.5600000000000023,1.5085581665216152,0.769999999999996,100.73677160080375,0.7446088386036128,103.84999999999991,106.57933333333331,108.4816666666667,104.50794243110802,-4.023339943859545,35.36904487685786,24.972994013806225,56.161146602961146,0.6304401817719615,38.66686977051801,0.8079999999999984
2020-03-13,108.03,104.63,108.5,104.51,104.97,3.0600000000000023,2.915118605315807,3.989999999999995,103.81781647689216,3.801086024578446,104.9659999999999,106.41666666666664,108.4236666666667,105.68196162073868,-1.7572263793516008,54.64545104670409,34.86381302477218,94.2087270905679,1.1132263915606235,52.678993410568886,1.227200000000002
2020-03-15,106.83,107.91,107.56,105.75,108.03,-1.2000000000000028,-1.1108025548458789,1.8100000000000023,101.7115839243499,1.6754605202258652,105.59799999999991,106.19666666666663,108.32566666666669,106.06464108049245,-0.9663651351717311,61.707676481690804,43.81176751041172,97.49949442424897,0.9246898811201182,48.04357783509379,1.4656000000000007
2020-03-16,106.53,105.85,107.17,105.86,106.83,-0.29999999999999716,-0.28081999438359745,1.3100000000000023,101.2374834687323,1.2262473088083894,105.95399999999991,106.03599999999996,108.21400000000003,106.2197607203283,-0.6167295823879289,64.9686487687876,50.86406126320369,93.17782377995543,0.8843654339198852,46.93173723104308,1.4112000000000022
2020-03-17,107.17,107.67,107.72,107.1,106.53,0.6400000000000006,0.6007697362245382,0.6200000000000045,100.57889822595705,0.5819956819675252,106.7059999999999,105.97466666666664,108.12533333333337,106.53650714688553,-0.06552993796090867,70.22994336636009,57.31935529758916,96.05111950390194,0.9845534368748349,49.61083025434958,0.7648000000000025
2020-03-18,109.25,108.06,109.48,107.89,107.17,2.0799999999999983,1.9408416534477915,1.5900000000000034,101.47372323662991,1.4836241485490373,107.5619999999999,106.04733333333328,108.10433333333337,107.44100476459035,1.3068488661411046,79.1255922710497,64.58810095540935,108.2005749023304,1.3352114472171583,57.177325368472005,0.8623999999999967
2020-03-19,110.16,110.69,111.36,109.98,109.25,0.9099999999999966,0.8329519450800885,1.3799999999999955,101.25477359519913,1.2631578947368378,107.9879999999999,106.20399999999997,108.11633333333336,108.3473365097269,2.5136207901504664,81.2469688094785,70.14105690676574,103.45879261490401,1.5004253174745987,60.006803922062794,1.373600000000002
2020-03-20,110.75,110.69,111.5,109.33,110.16,0.5900000000000034,0.5355846042120583,2.1700000000000017,101.98481661026251,1.9698620188816283,108.77199999999989,106.42799999999995,108.14866666666668,109.14822433981794,3.4130735489871045,84.52532760108714,74.93581380487286,103.70435519351568,1.6157817475951797,61.770510826472794,1.5375999999999976
2020-03-22,110.38,110.8,111.26,110.0,110.75,-0.37000000000000455,-0.3340857787810425,1.2600000000000051,101.14545454545456,1.1376975169300272,109.54199999999989,106.63266666666662,108.16666666666669,109.55881622654529,3.612363792098414,84.34258845318062,78.0714053543088,96.8849546509243,1.4989992849542482,59.98398214754559,1.0655999999999977
2020-03-23,110.36,111.2,111.3,110.09,110.38,-0.01999999999999602,-0.018119224497187916,1.2099999999999937,101.09910073576165,1.0962130820800813,110.17999999999991,106.93399999999995,108.18266666666668,109.82587748436352,3.570718643704443,84.12538801027492,80.08939957296417,92.19736488489642,1.4927189049912521,59.88316219700234,0.3800000000000011
2020-03-24,111.12,111.21,111.56,110.75,110.36,0.7600000000000051,0.6886553098948941,0.8100000000000023,100.7313769751693,0.7339615802827132,110.5539999999999,107.32199999999995,108.21933333333335,110.25725165624233,3.783212480257197,86.89254209290847,82.35711374627893,95.96339878616757,1.6641749389677685,62.46492730738437,0.304800000000003
2020-03-25,110.74,111.19,111.31,110.45,111.12,-0.38000000000000966,-0.3419726421886336,0.8599999999999994,100.77863286555002,0.7739380849532032,110.66999999999992,107.87466666666661,108.19733333333333,110.41816777082822,3.5611657341406278,86.46637309117871,83.72686686124553,91.94538555104509,1.5235198118612543,60.37280962488512,0.24000000000000057
2020-03-26,108.38,109.58,109.72,108.27,110.74,-2.3599999999999994,-2.131117933899223,1.4500000000000028,101.33924448138912,1.3093733068448643,110.19599999999991,108.1886666666666,108.07700000000001,109.73877851388549,2.096288995541586,67.21076591728804,78.22149987992636,45.18929799201143,0.9733160425902276,49.32388028998269,0.726400000000001
2020-03-27,107.94,109.58,109.72,107.76,108.38,-0.4399999999999977,-0.40597896290828356,1.9599999999999937,101.818856718634,1.808451743864176,109.70799999999993,108.40133333333327,107.95633333333335,109.13918567592366,0.9324840357139101,46.38612464661302,67.60970813548857,3.9389576688619172,0.9075119133092718,47.57568783593403,1.2384000000000015
2020-03-29,107.36,107.89,107.97,107.14,107.94,-0.5799999999999983,-0.5373355567908081,0.8299999999999983,100.77468732499533,0.7689457105799502,109.10799999999992,108.66466666666659,107.81666666666668,108.5461237839491,-0.07823407271186356,32.58320828627895,55.934208185752034,-14.118791512667215,0.828040515339779,45.296617246246896,1.4575999999999993
2020-03-30,108.35,107.81,108.72,107.78,107.36,0.9899999999999949,0.9221311475409789,0.9399999999999977,100.87214696604194,0.8755588673621439,108.55399999999993,108.88999999999992,107.73466666666668,108.4807491892994,-0.16679503677934487,30.84732739447249,47.57191458865885,-2.6018469939002244,0.989012538390773,49.72379606972925,0.8744000000000028
2020-03-31,107.78,107.53,107.94,107.25,108.35,-0.5699999999999932,-0.5260729118597076,0.6899999999999977,100.64335664335664,0.636825103830178,107.96199999999992,108.87333333333325,107.64500000000002,108.2471661261996,-0.4988790124123409,25.39143093266492,40.178420036660874,-4.182547275326982,0.8992575040919261,47.34784525818575,0.32239999999999613
2020-04-01,107.42,107.15,107.57,107.06,107.78,-0.35999999999999943,-0.33401373167563503,0.5099999999999909,100.47636839155614,0.47318611987380865,107.76999999999991,108.9126666666666,107.55466666666669,107.97144408413307,-0.8539474906675202,19.594287288443276,33.31704245392168,-7.851223042513531,0.8469768640747642,45.85747014752424,0.30400000000000205
2020-04-02,108.03,107.9,108.2,107.81,107.42,0.6099999999999994,0.5678644572705264,0.39000000000000057,100.36174751878303,0.3630608825172227,107.78799999999993,109.01266666666659,107.52433333333336,107.99096272275538,-0.7190636282298326,20.248043377480695,28.96070942844135,2.822711275559378,0.9530654944395786,48.79844004991013,0.32160000000000083
2020-04-03,108.45,107.9,108.67,107.81,108.03,0.4200000000000017,0.38878089419605827,0.8599999999999994,100.79769965680363,0.7960751643062107,108.00599999999993,109.09799999999993,107.53633333333336,108.1439751485036,-0.3990326309073156,24.40065636930086,27.440691742061187,18.32058562378021,1.0317289429320264,50.780836022502044,0.3247999999999962
2020-04-05,108.84,108.45,109.09,108.37,108.45,0.39000000000000057,0.3596127247579535,0.7199999999999989,100.66439051397988,0.6639004149377583,108.10399999999993,109.07066666666658,107.55900000000003,108.37598343233573,0.0010202522993094099,38.572868657228184,31.151417380450187,53.41577121078418,1.110392391424474,52.6154470579275,0.4328000000000003
2020-04-06,108.75,109.2,109.28,108.72,108.84,-0.09000000000000341,-0.08269018743109464,0.5600000000000023,100.51508462104488,0.5145167217934603,108.29799999999993,108.97666666666659,107.59033333333336,108.50065562155714,0.1895600363152966,46.89319063364084,36.398675131513734,67.88222163789506,1.0891010153986094,52.13252051341348,0.4584000000000003
2020-04-07,108.83,108.7,108.88,108.5,108.75,0.0799999999999983,0.07356321839080303,0.37999999999999545,100.35023041474653,0.3494252873563176,108.57999999999996,108.84866666666657,107.63833333333336,108.61043708103809,0.33241179900451745,57.83870366567043,43.545351309565966,86.42540837787935,1.1074562277712048,52.549429647818776,0.271999999999997
2020-04-08,108.97,108.81,109.06,108.8,108.83,0.14000000000000057,0.12864099972434126,0.2600000000000051,100.2389705882353,0.2389047137737803,108.76799999999996,108.75466666666658,107.6936666666667,108.73029138735872,0.4729599371252261,67.23781445579226,51.44283902497474,98.8277653174273,1.1420487433964817,53.315721545422115,0.1343999999999994
2020-04-09,108.41,108.46,108.61,108.39,108.97,-0.5600000000000023,-0.5139029090575409,0.21999999999999886,100.20297075375957,0.20189042855831776,108.75999999999995,108.6246666666666,107.77933333333335,108.62352759157248,0.25360478253662605,65.09547990746503,55.993719319138165,83.29900108411877,0.9939381325285624,49.847992588823445,0.14400000000000263
2020-04-10,108.44,108.46,108.61,108.33,108.41,0.030000000000001137,0.027672723918458757,0.28000000000000114,100.25846949136896,0.258278756572273,108.67999999999995,108.44599999999994,107.88400000000001,108.56235172771498,0.13017766005946935,64.11770732569735,58.70171532132456,74.94969133444293,1.0014201625067884,50.03547886978938,0.2040000000000049
2020-04-12,108.05,108.46,108.53,108.0,108.44,-0.39000000000000057,-0.3596458871265221,0.5300000000000011,100.49074074074073,0.4887495389155304,108.53999999999994,108.26666666666661,108.0706666666667,108.39156781847664,-0.14380812511288185,48.18731508787976,55.19691524350963,34.168114776620016,0.9064689703589843,47.54700886573035,0.28800000000000237
2020-04-13,107.64,107.76,107.81,107.53,108.05,-0.4099999999999966,-0.3794539565016165,0.28000000000000114,100.260392448619,0.2591392873669608,108.30199999999994,108.21733333333329,108.20300000000002,108.14104521231776,-0.5047077507056879,34.220114820491254,48.20464843583684,6.251047589800081,0.8185955733785658,45.01251324712005,0.3656000000000006
2020-04-14,107.11,107.2,107.22,106.94,107.64,-0.5300000000000011,-0.49238201412114563,0.28000000000000114,100.26182906302598,0.2601263470828699,107.92999999999992,108.16199999999995,108.2816666666667,107.79736347487851,-0.9621712498892829,25.235062301979948,40.548119724551206,-5.391052543162573,0.7212597184847258,41.9030150266731,0.4439999999999998
2020-04-15,107.97,107.47,108.0,107.36,107.11,0.8599999999999994,0.8029128932872742,0.6400000000000006,100.59612518628913,0.5975165717486701,107.84199999999994,108.20266666666662,108.4336666666667,107.85490898325234,-0.7568187266512044,31.4957395403513,37.53065966315123,19.42589929475143,0.9290430574136814,48.160825329594964,0.37359999999999616
2020-04-16,107.75,107.94,108.08,107.65,107.97,-0.21999999999999886,-0.20376030378808824,0.4299999999999926,100.39944263817928,0.398258775585804,107.70399999999995,108.16266666666662,108.52633333333337,107.81993932216824,-0.716715303818175,33.733008750171315,36.264776025491265,28.66947419953142,0.8787415723922664,46.77288166212953,0.2632000000000005
2020-04-17,107.55,107.94,108.08,107.31,107.75,-0.20000000000000284,-0.1856148491879377,0.769999999999996,100.71754729288975,0.7146171693735462,107.60399999999996,108.1473333333333,108.51033333333336,107.72995954811216,-0.7648145313416816,32.079867468667636,34.869806506550056,26.499989392902805,0.8345065054135389,45.489427426446895,0.21920000000000073
2020-04-19,107.84,107.51,107.89,107.5,107.55,0.29000000000000625,0.2696420269642085,0.39000000000000057,100.36279069767443,0.3626220362622042,107.64399999999996,108.17533333333328,108.54400000000004,107.76663969874146,-0.6155666957021823,39.35065016873261,36.363421060610904,45.325108384976005,0.9131129587852235,47.729171170584,0.25120000000000003
2020-04-20,107.55,107.61,107.8,107.48,107.84,-0.29000000000000625,-0.2689169139465933,0.3199999999999932,100.29772981019724,0.2967359050445041,107.73199999999994,108.14333333333327,108.57800000000003,107.69442646582763,-0.6493956110432368,38.40941548174985,37.04541920099055,41.137408043268465,0.8418479196052969,45.7067008977431,0.14560000000000173
