Date,Close/Last,Open,High,Low,LastClose,DailyRise,DailyRiseRate,DailyAccProfit,DailyRippleRange,DailyRippleRadio,DailyK,MA5,MA15,MA30,EWMA,MACD,K,D,J,rs,rsi,MAD
2020-04-20,75.5185,75.5185,75.5185,75.5185,73.958,1.5605000000000047,2.109981340760979,0.0,0.0,100.0,0.0,74.29991999999999,75.36690666666662,76.13553333333334,74.60052060212207,-0.9057476955178707,52.4380263577575,30.668392490017713,95.97729409323708,1.197247900723525,54.48852176985979,0.7049440000000005
2020-04-17,73.958,74.1841,74.4009,73.6197,74.1841,-0.2261000000000024,-0.30478229162314086,0.979336189145706,0.7811999999999983,101.06112901845566,1.0530558435028508,73.91647999999998,75.62152666666663,75.90386666666667,74.14153090318312,-1.8282428875130399,28.65703953663625,19.78357555614782,46.40396749761312,0.9171134600952366,47.838246362824925,0.4945439999999991
2020-04-16,74.1841,74.1841,74.1841,74.1841,74.8437,-0.6595999999999975,-0.8813033027495936,0.9823301575110734,0.0,100.0,0.0,73.87533999999998,75.94513999999997,75.72421666666666,74.2332963547747,-1.9311161944252113,24.122403885250673,15.346843565903603,41.673524523944806,0.9530326377703664,48.79757866506387,0.5108480000000014
2020-04-15,74.8437,74.8437,74.8437,74.8437,72.9953,1.848399999999998,2.532217827723152,0.9910644411634234,0.0,100.0,0.0,73.88981999999999,76.16453999999997,75.50654,74.25789453216204,-2.164874959324347,16.440033118117128,10.959063406230067,27.40197254189125,1.066146433960676,51.600719892681504,0.5282240000000001
2020-04-14,72.9953,72.9953,72.9953,72.9953,73.6013,-0.6059999999999945,-0.8233550222618278,0.9665883194184205,0.0,100.0,0.0,73.90919999999998,76.38844666666664,75.21401333333333,73.96499179824308,-2.979568037180197,4.497299060861352,8.218578550286537,-2.9452599179890164,0.7573029566663503,43.09461574587991,0.5514800000000009
2020-04-13,73.6013,73.6013,73.6013,73.6013,73.7523,-0.15100000000001046,-0.204739377619424,0.9746128432106039,0.0,100.0,0.0,74.41955999999999,76.74185999999996,74.98044,74.4498376973646,-2.568485102317227,6.745948591292028,10.07921829499913,0.07940918387782503,0.8358957114410323,45.53067509400741,0.659432000000001
2020-04-10,73.7523,74.2565,74.2826,73.1903,74.2565,-0.5041999999999973,-0.6789977981725469,0.976612353264432,1.0923000000000087,101.49241087958379,1.470982338246495,74.90047999999999,77.14134666666662,74.74146,74.87410654604689,-2.20512340237096,6.410005241153221,11.745853146852681,-4.261690570245701,0.856461256321644,46.13407650739879,0.7168639999999982
2020-04-09,74.2565,74.2565,74.2565,74.2565,74.9406,-0.6841000000000008,-0.9128563155352383,0.9832888629938359,0.0,100.0,0.0,75.44838,77.55276666666663,74.51240333333334,75.43500981907033,-1.5561614507540948,4.543446506666311,14.413777099702413,-15.197214679405892,0.9271903753886637,48.110990342698955,0.6798639999999949
2020-04-08,74.9406,74.9406,74.9406,74.9406,75.5471,-0.6064999999999969,-0.8028104321674782,0.9923475704628667,0.0,100.0,0.0,76.04405999999999,77.87943999999996,74.23791,76.02426472860549,-0.7682039135192058,6.815169759999466,19.348942396220462,-18.252375512442526,1.0348630424126803,50.85664346164899,0.655431999999999
2020-04-07,75.5471,75.5471,75.5471,75.5471,76.0059,-0.45879999999999654,-0.6036373492057808,1.000378715149268,0.0,100.0,0.0,76.80213999999998,78.27467999999998,73.92225,76.56609709290824,0.0476611943700469,10.222754639999199,25.615828714330963,-20.56339350866433,1.1442551425344154,53.36375881006195,0.9446480000000065
2020-04-06,76.0059,76.0059,76.0059,76.0059,76.4918,-0.4859000000000009,-0.6352314888654743,1.00645404768368,0.0,100.0,0.0,77.38123999999999,78.26728666666665,73.58310000000002,77.07559563936236,0.921437462778238,15.334131959998798,33.31236575149685,-20.622335622997305,1.2360337200118277,55.27795528974803,0.9644480000000073
2020-04-03,76.4918,77.2349,77.579,76.4902,77.2349,-0.7430999999999983,-0.9621298143714803,1.0128882326847064,1.088799999999992,101.42345032435527,1.4097253961615697,78.04762,78.17753333333332,73.18477333333334,77.61044345904354,1.9607893087187422,23.001197939998196,42.30148264724587,-15.599371474497147,1.341878766077501,57.29924134053545,0.947416000000004
2020-04-02,77.2349,77.2349,77.2349,77.2349,78.73100000000002,-1.4961000000000269,-1.9002680011685695,1.022728205671458,0.0,100.0,0.0,78.51169999999999,77.91896666666665,72.77025,78.16976518856531,3.1875496823639837,34.47370307659379,51.951625000869704,-0.4821407719580293,1.527650630605613,60.437570450137535,0.5383600000000058
2020-04-01,78.73100000000002,78.73100000000002,78.73100000000002,78.73100000000002,78.4426,0.2884000000000242,0.3676573698475372,1.0425392453504772,0.0,100.0,0.0,78.55974,77.76158666666666,72.33588,78.63719778284796,4.427536079660178,51.71055461489069,60.69058596300766,33.750491918656735,2.0611019800788895,67.3320259662101,0.48071200000000547
2020-03-31,78.4426,78.4426,78.4426,78.4426,79.3378,-0.8952000000000027,-1.1283398329673908,1.0387203135655498,0.0,100.0,0.0,78.45399999999998,77.37535333333332,71.83054666666665,78.59029667427194,4.954427486163825,53.81957928530238,65.18060163706615,31.097534581774852,1.9985961216213093,66.65106071506187,0.4968000000000018
2020-03-30,79.3378,79.3378,79.3378,79.3378,78.8122,0.5255999999999972,0.6669018248443733,1.050574362573409,0.0,100.0,0.0,78.42477999999997,76.90415999999999,71.34284333333332,78.66414501140791,5.7632700868908175,62.3201013754905,70.86111281294802,45.238078500575455,2.4377910747885436,70.91155401113171,0.5201760000000035
2020-03-27,78.8122,77.4751,79.28699999999998,77.4675,77.4751,1.3371000000000066,1.7258448198195375,1.0436144785714758,1.8194999999999766,102.34872688546808,2.348496484676982,78.47593999999997,76.18620666666666,70.81357333333332,78.32731751711187,5.97747543301374,65.85987966012596,75.13161853167678,47.31640191702431,2.3179838797913535,69.86121583981645,0.5815680000000043
2020-03-26,77.4751,77.4751,77.4751,77.4751,78.2023,-0.7271999999999963,-0.9298959237771732,1.0259088832537722,0.0,100.0,0.0,78.69821999999996,75.50329333333333,70.30502,78.08487627566781,6.384489472447626,67.72042873001959,79.7674879674522,43.62631025515438,2.034970642457194,67.05075212225535,0.8483039999999988
2020-03-25,78.2023,78.2023,78.2023,78.2023,78.2965,-0.09420000000000073,-0.12031189133613984,1.0355383118043922,0.0,100.0,0.0,79.03451999999997,74.84853999999999,69.84389333333333,78.38976441350172,7.792355523185768,78.91010070904643,85.79101758616851,65.14826695480227,2.374323889896335,70.36443350935343,0.6280960000000022
2020-03-24,78.2965,78.2965,78.2965,78.2965,79.5936,-1.2971000000000004,-1.6296536404937088,1.0367856882750583,0.0,100.0,0.0,79.56789999999998,74.03957999999999,69.34429333333333,78.48349662025258,9.033928433672227,83.51747541614859,89.23147602472955,72.08947419898666,2.422924999131233,70.78522023550593,0.6730800000000017
2020-03-23,79.5936,79.5936,79.5936,79.5936,79.9236,-0.3299999999999983,-0.41289431406993465,1.0539616120553241,0.0,100.0,0.0,78.99583999999997,73.21902,68.84693999999999,78.57699493037886,10.449776027142128,89.89332844983683,92.08847632902001,85.50303269147048,3.2818702942164824,76.64571948032383,1.4238559999999978
2020-03-20,79.9236,79.1566,80.1497,77.4478,79.1566,0.7669999999999959,0.9689653168529168,1.0583314022391863,2.701899999999995,103.48867237029327,3.413360351505743,78.00903999999998,72.34157333333334,68.33159333333333,78.06869239556829,11.027425866249075,92.08747287429395,93.18605026861161,89.89031808565863,3.5818476262339356,78.17474343157166,2.3689120000000004
2020-03-19,79.1566,79.1566,79.1566,79.1566,80.8692,-1.712600000000009,-2.1177407467861795,1.0481749505088156,0.0,100.0,0.0,76.54697999999999,71.47204,67.80447333333333,77.14123859335244,10.964405861887395,93.11093441544858,93.73533896577044,91.86212531480487,3.3845763900734545,77.19277962030793,2.772736000000003
2020-03-18,80.8692,80.8692,80.8692,80.8692,75.4362,5.433000000000007,7.202112513620791,1.0708528373842172,0.0,100.0,0.0,75.69049999999997,70.59638,67.27754666666667,76.13355789002867,10.755288401031438,96.62779406425348,94.04754124093135,101.78829971089775,5.727012820135295,85.13456081119989,2.0714800000000024
2020-03-17,75.4362,75.4362,75.4362,75.4362,74.6596,0.776600000000002,1.040187732053215,0.9989102008117217,0.0,100.0,0.0,74.10415999999996,69.56981999999999,66.67816333333333,73.765736835043,8.172880615314769,94.94169109638021,92.75741482927027,99.31024363060007,3.6882693875661867,78.67016766032874,1.0630079999999993
2020-03-16,74.6596,74.6596,74.6596,74.6596,72.6133,2.0463000000000022,2.818078781710792,0.9886266279123659,0.0,100.0,0.0,73.29185999999997,68.89891333333331,66.26726666666667,72.9305052525645,7.871495800080007,92.41253664457031,91.6652766957153,93.90705654228032,3.4176645395930696,77.36360488584961,1.1800320000000029
2020-03-13,72.6133,74.8742,74.9023,72.0689,74.8742,-2.2609000000000066,-3.019598206057636,0.9615299562358892,2.8333999999999975,103.93151553582751,3.784214055041653,72.07363999999998,68.19201333333332,65.90244666666666,72.06595787884676,7.478066403975071,89.91258395294214,91.29164672128779,87.15445841625083,2.7555657292755638,73.37285319746229,1.6816319999999991
2020-03-12,74.8742,74.8742,74.8742,74.8742,72.9375,1.9367000000000019,2.6552870608397625,0.99146831571072,0.0,100.0,0.0,71.26467999999998,67.62153333333332,65.61268,71.79228681827014,8.048971551724696,97.07101890078695,91.98117810546061,107.25070049143963,8.591867722565766,89.57450176624718,2.1569440000000015
2020-03-11,72.9375,72.9375,72.9375,72.9375,71.3747,1.5627999999999957,2.189571374730816,0.9658229440468231,0.0,100.0,0.0,69.82059999999998,66.91017333333332,65.22607,70.25133022740522,6.515860326783338,95.60652835118044,89.43625770779742,107.9470696379465,6.9071649274298155,87.35324216482424,1.8683999999999998
2020-03-10,71.3747,71.3747,71.3747,71.3747,68.5685,2.806200000000004,4.092549785980449,0.9451286770791265,0.0,100.0,0.0,68.44667999999999,66.28573999999999,64.87965666666668,68.90824534110783,5.109632153439017,93.40979252677069,86.3511223861059,107.52713280810028,5.644815280124757,84.95067269979512,1.2686640000000011
2020-03-09,68.5685,68.5685,68.5685,68.5685,68.5685,0.0,0.0,0.9079695703701743,0.0,100.0,0.0,67.36936,65.78152666666666,64.57658333333333,67.67501801166173,3.6961513336429412,90.11468879015602,82.8217873157735,104.70049173892104,3.5400183705724357,77.97365740892556,1.0730880000000043
2020-03-06,68.5685,67.6538,68.5893,67.35,67.6538,0.9146999999999963,1.3520304846143103,0.9079695703701743,1.2393,101.84008908685969,1.8318261501940762,66.94203999999999,65.44094,64.39029000000001,67.2282770174926,3.44080799571302,85.50552685206092,79.17533657858225,98.16590739901827,3.5400183705724357,77.97365740892556,0.9352879999999999
2020-03-05,67.6538,67.6538,67.6538,67.6538,66.0679,1.5859000000000094,2.4004092759116147,0.8958573064878145,0.0,100.0,0.0,66.60445999999999,65.10674666666665,64.17419666666667,66.55816552623891,2.764857712802587,78.58160298987666,76.01024144184292,83.72432608594411,2.948455524845069,74.6736415363514,0.5301919999999996
2020-03-04,66.0679,65.9881,66.1952,65.5228,65.9881,0.07979999999999166,0.1209308951159249,0.8748571542072473,0.6723999999999961,101.02620767122283,1.0189716024555884,66.27804,64.83924666666665,63.982470000000006,66.01034828935838,2.2052043844929368,67.872404484815,74.72456066782604,54.16809211879291,1.9960688155799282,66.62292952685611,0.3025680000000023
2020-03-03,65.9881,65.9881,65.9881,65.9881,66.4319,-0.443799999999996,-0.6680525470444109,0.8738004594900589,0.0,100.0,0.0,66.15862,64.64900666666666,63.841530000000006,65.98157243403757,2.462127753269548,72.81154307053231,78.15063875933156,62.133351692933815,1.9515692537181848,66.11971754549657,0.39810400000000074
2020-03-02,66.4319,66.4319,66.4319,66.4319,66.8806,-0.4487000000000023,-0.6708970912342328,0.8796771651979317,0.0,100.0,0.0,66.03552,64.47485999999999,63.704600000000006,65.97830865105637,2.7992773234873747,81.29511423404124,80.82018660373119,82.24496949466132,2.533856841255952,71.70230586803865,0.4965839999999986
2020-02-28,66.8806,66.0217,67.6272,66.015,66.0217,0.8589000000000055,1.3009359044071958,0.8856187556691408,1.6122000000000014,102.44217223358328,2.441924397584433,65.56036000000002,64.32161333333333,63.54204666666667,65.75151297658455,2.798587611273912,86.67690536319151,80.58272278857616,98.8652705124222,3.519811865384624,77.87518530010978,0.7126319999999993
2020-02-27,66.0217,66.0217,66.0217,66.0217,65.4708,0.5508999999999986,0.8414438192293338,0.8742453835815066,0.0,100.0,0.0,64.99546000000001,64.13690666666666,63.364603333333335,65.18696946487684,2.215779456810707,89.21855315350975,77.53563150126848,112.58439645799228,2.828176996954958,73.87790583362711,0.7514879999999977
2020-02-26,65.4708,65.4708,65.4708,65.4708,65.3726,0.0981999999999914,0.15021583966369917,0.8669504823321439,0.0,100.0,0.0,64.63188000000001,63.95871333333333,63.21912666666667,64.76960419731527,1.8052275812947203,83.82782973026464,71.69417067514784,108.09514784049824,2.416247998299477,70.72812042633394,0.631856000000002
2020-02-25,65.3726,65.3726,65.3726,65.3726,64.0561,1.3165000000000049,2.0552297127049646,0.8656501387077341,0.0,100.0,0.0,64.25192000000001,63.78650666666666,63.08448333333333,64.4190062959729,1.4523969164029742,75.74174459539695,65.62734114758945,95.97055149101197,2.3480649524156583,70.13200119434687,0.44827199999999723
2020-02-24,64.0561,64.0561,64.0561,64.0561,64.0561,0.0,0.0,0.848217324231811,0.0,100.0,0.0,63.939700000000016,63.63561999999999,62.95337666666667,63.94220944395935,0.8326359182555221,63.612616893095435,60.5701394236857,69.6975718319149,1.4992733181570566,59.98836970990465,0.19875999999999722
2020-02-21,64.0561,64.2038,64.5556,63.9151,64.2038,-0.1477000000000004,-0.23004868870689954,0.848217324231811,0.6404999999999959,101.0021106123592,0.9976045031602426,63.82042000000001,63.61287999999999,62.860596666666666,63.88526416593903,0.8498867699331558,64.0389208663709,59.04890068898084,74.01896122115102,1.4992733181570568,59.98836970990465,0.24762399999999757
2020-02-20,64.2038,64.2038,64.2038,64.2038,63.57100000000001,0.6327999999999889,0.9954224410501468,0.8501731363838002,0.0,100.0,0.0,63.720320000000015,63.603826666666656,62.760553333333334,63.799846248908544,0.820510653985639,64.6783768262841,56.5538906002858,80.9273492782807,1.6333894778224245,62.02612608496827,0.22986399999999918
2020-02-19,63.57100000000001,63.57100000000001,63.57100000000001,63.57100000000001,63.8115,-0.24049999999999017,-0.37689131269440485,0.8417937326615337,0.0,100.0,0.0,63.60782000000002,63.54196666666665,62.66319333333333,63.59786937336281,0.5860945177878855,47.017565239426155,52.491647487286656,36.06940074370516,1.2775111110082138,56.09242057408371,0.09486399999999975
2020-02-18,63.8115,63.8115,63.8115,63.8115,63.4597,0.35180000000000433,0.5543675750121799,0.8449783827803785,0.0,100.0,0.0,63.536480000000005,63.47357333333332,62.58561666666667,63.611304060044205,0.6902129856899288,52.81708363512919,55.2286886112169,47.99387368295375,1.4610028800668207,59.36615888995432,0.15958399999999956
2020-02-17,63.4597,63.5556,63.5625,63.2157,63.5556,-0.09590000000000032,-0.1508915028730754,0.8403199216086126,0.3468000000000018,100.5485978957759,0.5456639540811538,63.44936,63.371639999999985,62.51932333333333,63.51120609006631,0.613211371386487,49.57613682197189,56.434491099260754,35.85942826739418,1.2659070563957846,55.86756318281527,0.12340799999999916
2020-02-14,63.5556,63.6413,63.6463,63.3913,63.6413,-0.08570000000000277,-0.13466098272663,0.8415898091196198,0.25499999999999545,100.40226340207568,0.4006832041457284,63.58406,63.33963999999999,62.464756666666666,63.53695913509947,0.7424107008434585,52.92010236124773,59.86366823790519,39.03297060793281,1.3316702282802813,57.11228852728681,0.2425520000000006
2020-02-13,63.6413,63.6413,63.6413,63.6413,63.2143,0.4269999999999996,0.6754800733378359,0.8427246303885805,0.0,100.0,0.0,63.69494000000001,63.24164666666665,62.41597666666667,63.52763870264922,0.8292928548966941,54.34078936701983,63.335451176233924,36.35146574859165,1.3916620784347267,58.188073097079375,0.34132799999999863
2020-02-12,63.2143,63.2143,63.2143,63.2143,63.3759,-0.16159999999999997,-0.2549865169567611,0.8370703867264315,0.0,100.0,0.0,63.63644000000001,63.12569333333332,62.36081000000001,63.47080805397382,0.8464979401798582,53.258953413954856,67.83278208084097,24.111296080182626,1.1832331791184216,54.19637217112124,0.388127999999999
2020-02-11,63.3759,63.3759,63.3759,63.3759,64.1332,-0.7573000000000008,-1.1808236607560525,0.8392102597376804,0.0,100.0,0.0,63.57112000000001,63.03405333333332,62.31987666666667,63.59906208096072,1.1852873046030523,67.64429725746977,75.11969641428404,52.69349894384126,1.2767506657191021,56.0777552387734,0.44038399999999883
2020-02-10,64.1332,64.1332,64.1332,64.1332,64.11,0.023200000000002774,0.03618780221494739,0.8492382661202224,0.0,100.0,0.0,63.51780000000001,62.93433999999999,62.27355666666667,63.71064312144108,1.5429587643772427,83.16397906458064,78.85739599269117,91.7771452083596,1.9460453144168703,66.0561908159944,0.48304000000000114
2020-02-07,64.11,63.3488,64.2214,63.2394,63.3488,0.7612000000000023,1.2016012931578852,0.8489310566285083,0.9819999999999993,101.55282940698362,1.55014775339075,63.434160000000006,62.76247999999999,62.20199333333334,63.49936468216163,1.3943199767821024,77.3767626074896,76.70410445674644,78.72207890897593,1.9311329466944027,65.88349903651576,0.3826720000000009
2020-02-06,63.3488,63.3488,63.3488,63.3488,62.8877,0.46109999999999474,0.7332117409286629,0.8388514072710661,0.0,100.0,0.0,63.39622000000001,62.592299999999994,62.133976666666676,63.19404702324244,1.0628775184812291,68.93790681803729,76.36777538137484,54.078169691362206,1.4768015857509451,59.62534884695624,0.3371439999999993
2020-02-05,62.8877,62.8877,62.8877,62.8877,63.1093,-0.22159999999999513,-0.3511368372014824,0.8327456186232514,0.0,100.0,0.0,63.381640000000004,62.47954,62.096143333333345,63.116670534863665,1.0780933023524977,71.26809357445494,80.08270966304362,53.638861397277566,1.2212465901703462,54.98023477333462,0.34880800000000106
2020-02-04,63.1093,63.1093,63.1093,63.1093,63.715,-0.6057000000000059,-0.950639566821009,0.8356799989406569,0.0,100.0,0.0,63.313120000000005,62.38246,62.06151666666668,63.2311558022955,1.4263854877038207,80.71026544641278,84.49001770733797,73.15076092456238,1.3784513814784831,57.955835978518756,0.4036240000000021
2020-02-03,63.715,63.715,63.715,63.715,63.9203,-0.20529999999999404,-0.3211812209892539,0.8437005501963096,0.0,100.0,0.0,63.14775999999999,62.27113333333333,62.023436666666676,63.29208370344325,1.731392915207805,89.86651887096134,86.37989383780057,96.83976893728291,2.04734392033661,67.18453754673217,0.5871680000000026
2020-01-31,63.9203,63.2759,63.9414,63.0663,63.2759,0.6443999999999974,1.0183972096801428,0.8464190893622093,0.8751000000000033,101.38758734855224,1.3829909965721598,63.00069999999998,62.10831333333333,61.97520333333334,63.080625555164865,1.6098205796368026,89.91523765842355,84.63658132122016,100.47255033283031,2.416388018775536,70.72932013271698,0.47792000000000173
2020-01-30,63.2759,63.2759,63.2759,63.2759,62.5451,0.7308000000000021,1.1684368559647393,0.8378860808940857,0.0,100.0,0.0,62.63377999999999,61.91728,61.919973333333346,62.66078833274731,1.112205964968402,85.34960645374325,81.99725315261848,92.05431305599276,1.8910130701530634,65.41004915114218,0.3952160000000006
2020-01-29,62.5451,62.5451,62.5451,62.5451,62.2825,0.26259999999999906,0.42162726287480284,0.8282089819050962,0.0,100.0,0.0,62.358999999999995,61.78442,61.891220000000004,62.35323249912097,0.7386173428528668,78.02440968061487,80.3210765020561,73.4310760377324,1.3377550935310702,57.22391953001602,0.3227199999999996
2020-01-28,62.2825,62.2825,62.2825,62.2825,62.9797,-0.6972000000000023,-1.1070233741983564,0.8247316882618168,0.0,100.0,0.0,62.21791999999999,61.69766,61.89508333333334,62.25729874868146,0.6776780298084797,79.99273185934358,81.46940991277671,77.03937575247733,1.1531519110507993,53.55645856348466,0.33054400000000045
2020-01-27,62.9797,62.9797,62.9797,62.9797,62.0857,0.8939999999999984,1.4399451081327879,0.8339638631593584,0.0,100.0,0.0,62.13746,61.66700666666666,61.899126666666675,62.2446981230222,0.7520454999191859,90.77373885746287,82.20774893949327,107.90571869340206,2.1163053798167155,67.91071868384046,0.3368959999999973
2020-01-24,62.0857,61.902,62.2722,61.7285,61.902,0.18370000000000175,0.29675939388065287,0.8221257042976227,0.5437000000000012,100.88079250265274,0.8783238021388665,61.85258,61.58987333333332,61.88123,61.877197184533294,0.22514432393523665,86.16060828619429,77.92475398050847,102.63231689756591,1.1218062052603437,52.87034237524529,0.12406399999999848
2020-01-23,61.902,61.902,61.902,61.902,61.8397,0.062300000000000466,0.10074434384384216,0.8196931877619393,0.0,100.0,0.0,61.746900000000004,61.590306666666656,61.90704,61.772945776799936,0.07836075675564103,88.85728862811561,73.80682682766557,118.95821222901569,0.9320520123266508,48.24155904603408,0.15248000000000134
2020-01-22,61.8397,61.8397,61.8397,61.8397,61.8802,-0.040500000000001535,-0.06544904509035449,0.8188682243423799,0.0,100.0,0.0,61.69798000000001,61.59592666666666,61.93831333333333,61.70841866519991,-0.020404220566997422,83.28593294217343,66.28159592744056,117.29460697163918,0.8722954523853657,46.58962618715079,0.12957599999999872
2020-01-21,61.8802,61.8802,61.8802,61.8802,61.5553,0.3248999999999995,0.5278180757790142,0.8194045167740358,0.0,100.0,0.0,61.61634,61.60569999999999,61.98597333333334,61.64277799779986,-0.13483518910077363,76.96673779506558,57.779427420074136,115.3413585450485,0.9049382074478832,47.50485889304844,0.1219680000000011
2020-01-20,61.5553,61.5553,61.5553,61.5553,61.5573,-0.001999999999995339,-0.0032490053982148974,0.8151022597111969,0.0,100.0,0.0,61.52818,61.61277333333333,62.04000333333333,61.52406699669979,-0.35672092465416694,65.45010669259837,48.18577223257841,99.9787756126383,0.6261764443292789,38.506057968853874,0.07418400000000105
2020-01-17,61.5573,61.6574,61.6745,61.3025,61.6574,-0.10010000000000474,-0.16234872051044114,0.8151287432880687,0.3719999999999999,100.60682680151707,0.6033339063924199,61.47166,61.64150666666667,62.10765000000001,61.50845049504968,-0.4319103141163265,55.73861181554721,39.553605002568425,88.10862544150477,0.6271757954248811,38.54382527003578,0.10855200000000025
2020-01-16,61.6574,61.6574,61.6574,61.6574,61.4315,0.22590000000000288,0.3677266548920389,0.8164542463105069,0.0,100.0,0.0,61.371159999999996,61.67565333333333,62.18085000000001,61.484025742574524,-0.5327754912246259,47.782239449447694,31.46110159607903,80.42451515618501,0.6774216000725046,40.384695179984796,0.16592800000000096
2020-01-15,61.4315,61.4315,61.4315,61.4315,61.4394,-0.007899999999999352,-0.012858198485010193,0.8134629263028266,0.0,100.0,0.0,61.29628,61.71274666666666,62.24991666666667,61.397338613861784,-0.7550917946521389,30.501601002840356,23.300532669394695,44.903737669731676,0.5095381110606413,33.75457084038946,0.11133600000000002
2020-01-14,61.4394,61.4394,61.4394,61.4394,61.2727,0.16669999999999874,0.2720624356360969,0.8135675364314705,0.0,100.0,0.0,61.258720000000004,61.74057333333332,62.33363000000001,61.38025792079267,-0.8885642062606699,25.345002417912884,19.699998502671864,36.63501024839493,0.5123312013105941,33.876918023420075,0.08757600000000139
2020-01-13,61.2727,61.2727,61.2727,61.2727,61.0548,0.2179000000000002,0.3568924965768461,0.8113601302991983,0.0,100.0,0.0,61.33538000000001,61.77573999999999,62.42399000000001,61.350686881189006,-1.0623013779971318,17.314290865692083,16.877496545051358,18.18787950697353,0.4049243163614221,28.821788593575306,0.19492800000000016
2020-01-10,61.0548,61.283,61.3778,60.8865,61.283,-0.22820000000000107,-0.37237080430135777,0.8084747445990056,0.4913000000000025,100.806911220057,0.801690517761863,61.445380000000014,61.842093333333324,62.520726666666675,61.38968032178351,-1.1422296551645286,11.510266523955584,16.659099384730997,1.2126008024047579,0.27455689713290127,21.541360589747967,0.30185599999999935
2020-01-09,61.283,61.283,61.283,61.283,61.2437,0.03930000000000433,0.06416986563516629,0.8114965207200886,0.0,100.0,0.0,61.65286000000001,61.922666666666665,62.629550000000016,61.55712048267525,-1.011965283523609,10.963445168993301,19.233515815118704,-5.576696123257506,0.31441809303035323,23.92070640974451,0.31160799999999966
2020-01-08,61.2437,61.2437,61.2437,61.2437,61.8227,-0.5790000000000006,-0.9365491963307986,0.8109761184345559,0.0,100.0,0.0,61.793520000000015,61.99802,62.72256666666669,61.694180724012874,-0.9158541043907988,14.43617071842175,23.368551138181402,-3.4285901210975567,0.29120087429968844,22.55271662959707,0.21992799999999874
2020-01-07,61.8227,61.8227,61.8227,61.8227,61.8227,0.0,0.0,0.8186431139389687,0.0,100.0,0.0,61.94204000000002,62.092506666666665,62.813160000000025,61.919421086019305,-0.6542591667629949,21.654256077632624,27.834741348061225,9.293285536775421,0.4267446632200944,29.91037388967358,0.09547200000000089
2020-01-06,61.8227,61.8227,61.8227,61.8227,62.0922,-0.26950000000000074,-0.43403197180966485,0.8186431139389687,0.0,100.0,0.0,61.97476000000002,62.13124666666668,62.88412333333336,61.967781629028956,-0.6609324752677593,30.232042168614683,30.924983983275524,28.846158539293,0.42674466322009447,29.91037388967358,0.06082400000000661
2020-01-03,62.0922,61.9863,62.2218,61.8172,61.9863,0.10589999999999833,0.17084420267058742,0.8222117759224562,0.40460000000000207,100.6545103951651,0.6527248763033155,62.00748000000001,62.17258666666668,62.9546366666667,62.04032244354344,-0.6268391602137101,43.09872130508777,31.27145489060594,66.75325413405145,0.5247778947921377,34.41667777218642,0.03388800000000032
2020-01-02,61.9863,61.9863,61.9863,61.9863,61.9863,0.0,0.0,0.8208094705270895,0.0,100.0,0.0,62.00294000000001,62.22377333333335,63.01364000000003,62.014383665315165,-0.7577379683821678,30.154183895894707,25.357821683365028,39.74690832095407,0.4409559510263237,30.601626004754138,0.026624000000001046
2020-01-01,61.9863,61.9863,61.9863,61.9863,61.9863,0.0,0.0,0.8208094705270895,0.0,100.0,0.0,62.048440000000014,62.28070000000001,63.0710766666667,62.02842549797274,-0.8380621996806494,25.58033854584589,22.959640577100185,30.821734483337302,0.4409559510263237,30.601626004754138,0.07456800000000072
2019-12-31,61.9863,61.9863,61.9863,61.9863,61.9863,0.0,0.0,0.8208094705270895,0.0,100.0,0.0,62.02096000000002,62.366246666666676,63.1348366666667,62.04948824695911,-0.9175599229509735,24.596153491627877,21.649291592727334,30.489877289428968,0.4409559510263237,30.601626004754138,0.09655199999999979
2019-12-30,61.9863,61.9863,61.9863,61.9863,62.0695,-0.08319999999999794,-0.13404329018277567,0.8208094705270895,0.0,100.0,0.0,62.01708000000001,62.46723333333333,63.195933333333365,62.08108237043867,-0.990076843631883,23.119875910300863,20.17586064327706,29.00790644434847,0.44095595102632373,30.601626004754138,0.09965599999999881
2019-12-27,62.0695,62.2138,62.2138,61.8039,62.2138,-0.1443000000000012,-0.2319421093069403,0.8219111873249602,0.4099000000000004,100.66322675429869,0.6588570381490929,62.07342000000002,62.573793333333334,63.257316666666696,62.12847355565801,-1.045569259233515,24.039281838849927,18.703853009765158,34.71013949701946,0.4636568491587637,31.677974890443082,0.13398399999999952
2019-12-26,62.2138,62.2138,62.2138,62.2138,61.8489,0.36489999999999867,0.5899862406607048,0.8238219773962672,0.0,100.0,0.0,62.112200000000016,62.68604666666667,63.31376000000002,62.15796033348701,-1.1397677326308455,20.564814719539715,16.036138595222777,29.622166968173595,0.5055739083570769,33.58014545488324,0.16343999999999995
2019-12-25,61.8489,61.8489,61.8489,61.8489,61.9669,-0.1180000000000021,-0.19042424261985366,0.8189900487959905,0.0,100.0,0.0,62.15210000000002,62.787086666666674,63.37272666666669,62.130040500230514,-1.3462264147025953,8.380777060223364,13.771800533064306,-2.4012698854585217,0.2932900486527085,22.67782458840111,0.19535999999999804
2019-12-24,61.9669,61.9669,61.9669,61.9669,62.268,-0.30109999999999815,-0.4835549559966566,0.8205525798314321,0.0,100.0,0.0,62.314520000000016,62.926686666666676,63.45595000000003,62.270610750345774,-1.2912514832576352,12.571165590335047,16.467312269484776,4.778872232035589,0.31325844673646946,23.853526129219773,0.178103999999999
2019-12-23,62.268,62.268,62.268,62.268,62.2634,0.00460000000000349,0.007387967891254718,0.8245396823294955,0.0,100.0,0.0,62.40190000000001,63.07224000000001,63.531293333333366,62.42246612551866,-1.209222669140663,18.85674838550257,18.415385609059637,19.739473938388436,0.37351396185724756,27.194041868506886,0.10896000000000043
2019-12-20,62.2634,62.4133,62.466,62.0157,62.4133,-0.14990000000000236,-0.24017316821895712,0.8244787701026901,0.4502999999999986,100.72610645368833,0.7214808382187748,62.43686,63.199360000000006,63.58527333333337,62.49969918827799,-1.2444562544946374,18.223709274696727,18.194704220838172,18.281719382413833,0.37078525799140644,27.049113333383318,0.0920320000000018
2019-12-19,62.4133,62.4133,62.4133,62.4133,62.661,-0.2477000000000018,-0.39530170281355514,0.8264637141892385,0.0,100.0,0.0,62.556180000000005,63.336433333333346,63.6366466666667,62.61784878241698,-1.214205635091766,18.997742449812865,18.180201693908895,20.632823961620808,0.40415589037747734,28.78283623258018,0.16345600000000077
2019-12-18,62.661,62.661,62.661,62.661,62.4038,0.25720000000000454,0.4121543880340693,0.8297437051848223,0.0,100.0,0.0,62.641560000000005,63.44711333333334,63.673816666666696,62.72012317362546,-1.2072077173720168,19.78670884567464,17.77143131595691,23.817263905110096,0.46891066201809295,31.922340421565906,0.17460800000000062
2019-12-17,62.4038,62.4038,62.4038,62.4038,62.4428,-0.03900000000000148,-0.06245716079356063,0.8263379171990969,0.0,100.0,0.0,62.76326,63.53381333333334,63.71420000000003,62.74968476043818,-1.324726227167752,14.83546948476063,16.763792551098046,10.978823352085797,0.31442679302922755,23.921209967471796,0.2719680000000011
2019-12-16,62.4428,62.4428,62.4428,62.4428,62.86,-0.4172000000000011,-0.663697104677062,0.8268543469480988,0.0,100.0,0.0,62.98272000000001,63.63700000000001,63.75056000000003,62.92262714065726,-1.2116781929054277,15.124919095735867,17.727954084266752,9.918849118674096,0.321418166733366,24.323728462726763,0.3220639999999989
2019-12-13,62.86,62.8402,62.9386,62.1662,62.8402,0.019799999999996487,0.03150849297105433,0.8323788210835756,0.7723999999999975,101.24247581483186,1.2291494934771015,63.21110000000001,63.736686666666664,63.78661333333336,63.1625407109859,-0.9674635196752233,16.015888050260923,19.029471578532196,9.988720993718374,0.41253504386206336,29.205296226431045,0.2887999999999991
2019-12-12,62.8402,62.8402,62.8402,62.8402,63.2695,-0.4292999999999978,-0.6785259880353058,0.832116633672544,0.0,100.0,0.0,63.38976000000001,63.803506666666664,63.80876000000003,63.31381106647885,-0.8419579706238655,7.289630435256355,20.536263342667834,-19.203635379566602,0.4000421050154666,28.57357672189775,0.26792799999999917
2019-12-11,63.2695,63.2695,63.2695,63.2695,63.5011,-0.23160000000000025,-0.364718091497628,0.8378013334480957,0.0,100.0,0.0,63.56760000000001,63.86145333333333,63.851846666666695,63.550616599718275,-0.5514912809231982,10.934445652884532,27.159579796373574,-21.515822634093553,0.5344739552241383,34.83108679717333,0.14583999999999833
2019-12-10,63.5011,63.5011,63.5011,63.5011,63.5847,-0.08359999999999701,-0.13147817006291923,0.8408681316498609,0.0,100.0,0.0,63.702280000000016,63.90342666666666,63.87131666666669,63.69117489957742,-0.38630616323216516,16.401668479326798,35.27214686811809,-21.339288298255795,0.6426598446848626,39.123123802186456,0.12750400000000184
2019-12-09,63.5847,63.5847,63.5847,63.5847,63.7533,-0.16860000000000497,-0.26445689870172207,0.8419751451631059,0.0,100.0,0.0,63.83210000000001,63.92463333333333,63.88615666666669,63.78621234936613,-0.2764905886573166,24.602502718990195,44.70738606251374,-15.607263968056898,0.6894356009324167,40.80863458494128,0.17155999999999808
2019-12-06,63.7533,63.7294,63.8328,63.6037,63.7294,0.023900000000004695,0.03750231447339014,0.8442077106934065,0.22909999999999542,100.36019917080294,0.3594887132155574,63.95012000000001,63.94084,63.89173333333336,63.886968524049195,-0.1414514125204062,36.90375407848529,54.75982773427552,1.1916067669048402,0.7982380549193393,44.3900101399614,0.16990400000000108
2019-12-05,63.7294,63.7294,63.7294,63.7294,63.9429,-0.21350000000000335,-0.33389164395109283,0.8438912319497873,0.0,100.0,0.0,64.06336000000002,63.941473333333334,63.89542000000003,63.953802786073794,-0.04597703159078383,45.216007964684586,63.68786456217063,8.272294769712488,0.777464987414631,43.740101375806795,0.18176800000000098
2019-12-04,63.9429,64.1502,64.2392,63.8314,64.1502,-0.2072999999999965,-0.3231478623605172,0.8467183537808619,0.4077999999999946,100.63887052453808,0.6356956018843193,64.13218000000002,63.95836666666666,63.906750000000024,64.06600417911069,0.1411026052046965,67.82401194702688,72.92379286091365,57.62445011925334,0.9393215052679671,48.43557412818849,0.09918400000000105
2019-12-03,64.1502,64.1502,64.1502,64.1502,64.1748,-0.024600000000006617,-0.03833280353036802,0.8494633765236336,0.0,100.0,0.0,64.13590000000002,63.985213333333334,63.90643000000002,64.12755626866603,0.26712058206899175,79.31387259182013,75.47368331785704,86.9942511397463,1.156373771586653,53.625850342994895,0.09472000000000094
2019-12-02,64.1748,64.1748,64.1748,64.1748,64.3195,-0.14470000000000027,-0.22497065431167884,0.849789124519158,0.0,100.0,0.0,64.09618000000002,63.99034666666667,63.89236333333336,64.11623440299904,0.2852189474315693,82.2026427977645,73.5535886808755,99.50075103154248,1.1865872593519573,54.266631906728854,0.12077600000000359
2019-11-29,64.3195,64.0735,64.3414,64.02,64.0735,0.24600000000000932,0.3839340757099414,0.8517052113058394,0.321399999999997,100.50203061543269,0.5016114306226397,64.04884000000001,63.97118666666666,63.877040000000015,64.08695160449857,0.2749468001283562,84.83337596135188,69.22906162243102,116.0420046391936,1.384112585538477,58.05567211608258,0.1181280000000001
2019-11-28,64.0735,64.0735,64.0735,64.0735,63.9615,0.11199999999999477,0.17510533680416307,0.8484477313505966,0.0,100.0,0.0,63.95740000000002,63.93686,63.85856000000002,63.97067740674785,0.11331171917638366,78.76563487628304,61.4269044529706,113.44309572290793,1.121324906410548,52.859649317365516,0.048080000000001635
2019-11-27,63.9615,63.9615,63.9615,63.9615,63.9516,0.009900000000001796,0.015480457095681417,0.8469646510457707,0.0,100.0,0.0,63.884580000000014,63.90052000000001,63.86003000000002,63.91926611012178,0.0408789835548298,68.14845231442456,52.75753924131436,98.93027846064496,1.0102276762101319,50.254390990910395,0.07898400000000123
2019-11-26,63.9516,63.9516,63.9516,63.9516,63.9381,0.013500000000000512,0.021114171362615577,0.8468335573402548,0.0,100.0,0.0,63.87210000000001,63.89458666666667,63.86389000000002,63.89814916518267,0.010548598833547862,55.14930666619531,45.06208270475927,75.32375458906738,1.0011089175833483,50.027707576874114,0.06899999999999835
2019-11-25,63.9381,63.9381,63.9381,63.9381,63.8623,0.07580000000000098,0.11869287513916815,0.8466547931963695,0.0,100.0,0.0,63.84562000000002,63.86412,63.874666666666684,63.87142374777401,-0.03367852150407283,37.010852002590326,40.01847072404126,30.995614559688462,0.9895624375039809,49.737692009577906,0.0650559999999956
2019-11-22,63.8623,63.7094,63.8993,63.6189,63.7094,0.15289999999999537,0.23999598175464745,0.8456510656329248,0.2804000000000002,100.44074952569126,0.44012343547420035,63.82356000000002,63.83654000000001,63.88656333333335,63.838085621661016,-0.09548802128635578,33.553982696330884,41.52228008476673,17.617387919459205,0.9293619006245725,48.16939218731953,0.04740799999999865
2019-11-21,63.7094,63.7094,63.7094,63.7094,63.8991,-0.18969999999999487,-0.29687429087419837,0.8436263961810687,0.0,100.0,0.0,63.803660000000015,63.81401333333334,63.89856666666669,63.825978432491524,-0.1293489427698707,33.58403583065303,45.506428778984656,9.739249933989782,0.8166021878888061,44.952174633117316,0.05404800000000023
2019-11-20,63.8991,63.8991,63.8991,63.8991,63.8192,0.07989999999999498,0.12519743274750386,0.8461383634473676,0.0,100.0,0.0,63.85834000000001,63.84224000000001,63.92352666666669,63.884267648737286,-0.04658036529265838,46.047266954880875,51.467625253150466,35.20655035834169,0.9385217727354211,48.414301347314044,0.06608799999999775
2019-11-19,63.8192,63.8278,63.8813,63.6491,63.8278,-0.008600000000001273,-0.013473752816173004,0.8450803445513355,0.23220000000000596,100.3648126996297,0.36379132603662656,63.947640000000014,63.839206666666676,63.95654000000002,63.87685147310594,-0.0654654572748643,46.11184035480233,54.17780440228526,29.979912259836482,0.8801291878101779,46.81216554247961,0.17324799999999954
2019-11-18,63.8278,63.8278,63.8278,63.8278,63.7628,0.06500000000000483,0.10194031629728437,0.8451942239318847,0.0,100.0,0.0,64.02924,63.847680000000004,64.00258000000002,63.905677209658904,-0.024494334188480932,51.0476054934439,58.21078642602672,36.72124362827826,0.8852958865080911,46.95792808140155,0.20572800000000058
2019-11-15,63.7628,63.9828,63.9828,63.7105,63.9828,-0.21999999999999886,-0.34384240764705337,0.8443335076835482,0.2722999999999942,100.42740207658079,0.42558312546495963,64.04116,63.84262666666667,64.04030666666668,63.94461581448835,0.039686310522862644,57.930419868072846,61.79237689231814,50.20650581958226,0.8440959132503544,45.772885628414706,0.1961919999999992
2019-11-14,63.9828,63.9828,63.9828,63.9828,64.3456,-0.3628000000000071,-0.5638303162920342,0.8472467011394563,0.0,100.0,0.0,64.04952,63.84936666666667,64.06917333333335,64.03552372173253,0.2025082063432173,71.13769795722101,63.72335540444078,85.96638306278146,0.9696519007281915,49.229607544851234,0.18950400000000087
2019-11-13,64.3456,64.3456,64.3456,64.3456,64.2272,0.11840000000000828,0.18434557321509934,0.8520508219840177,0.0,100.0,0.0,63.95863999999999,63.855133333333335,64.10747,64.0618855825988,0.2769517483102382,78.02264564323484,60.01618412805067,114.03556867360317,1.2556593796147608,55.66706529197737,0.2622079999999983
2019-11-12,64.2272,64.2272,64.2272,64.2272,63.8874,0.33979999999999677,0.5318732645247682,0.8504829942332016,0.0,100.0,0.0,63.86402,63.827646666666666,64.13606,63.9200283738982,0.07189925209862869,67.03396846485226,51.01295337045858,99.07599865363964,1.1662750726372104,53.837810690282936,0.15801600000000066
2019-11-11,63.8874,63.8874,63.8874,63.8874,63.8046,0.08279999999999887,0.12977120771856399,0.8459834345226672,0.0,100.0,0.0,63.717499999999994,63.794380000000004,64.17064333333333,63.7664425608473,-0.18207109140977773,50.55095269727841,43.00244582326175,65.64796644531174,0.9280715026308153,48.13470358150516,0.16480000000000244
2019-11-08,63.8046,63.5284,63.9529,63.52,63.5284,0.2762000000000029,0.43476618331329436,0.8448870144401709,0.4328999999999965,100.6815176322418,0.6814275190308532,63.64489999999999,63.78289333333334,64.20296,63.70596384127095,-0.31111260396839185,42.04800493169244,39.22819238625342,47.687630022570474,0.8741737638864104,46.64315447857226,0.15492000000000275
2019-11-07,63.5284,63.5284,63.5284,63.5284,63.8725,-0.3441000000000045,-0.5387295001761392,0.8412296324741625,0.0,100.0,0.0,63.58886,63.78026,64.23227666666666,63.656645761906425,-0.4390066568120318,34.76687783645985,37.81828611353391,28.66406128231172,0.7072265410295571,41.42546545715358,0.11345599999999934
2019-11-06,63.8725,63.8725,63.8725,63.8725,63.4946,0.3779000000000039,0.595168723009522,0.8457861318749716,0.0,100.0,0.0,63.70974000000001,63.819539999999996,64.25507666666667,63.72076864285964,-0.3892751911901151,42.10272288901026,39.343990252070945,47.62018816288888,0.8765089685643971,46.70955392421922,0.2343280000000007
2019-11-05,63.4946,63.4946,63.4946,63.4946,63.5244,-0.029800000000001603,-0.04691110817261022,0.8407820600250275,0.0,100.0,0.0,63.70596000000002,63.833193333333334,64.26434666666667,63.64490296428946,-0.5739290767882939,30.360588828491505,37.964623933601295,15.152518618271927,0.6324128556928243,38.74098721333687,0.2297920000000019
2019-11-04,63.5244,63.5244,63.5244,63.5244,63.5244,0.0,0.0,0.8411766653204188,0.0,100.0,0.0,63.796300000000016,63.88521333333333,64.28086666666667,63.72005444643418,-0.5241599575840693,37.727556960346945,41.766641486156196,29.649387908728443,0.6439221559659417,39.16986906156659,0.21751999999999896
2019-11-01,63.5244,64.1328,64.1328,63.3764,64.1328,-0.6084000000000032,-0.9486565376843099,0.8411766653204188,0.7564000000000064,101.1935042066132,1.1794276875483471,63.84182000000002,63.93658666666666,64.29161666666667,63.81788166965128,-0.42835357988544126,46.808151939727054,43.78618374906082,52.852088321059526,0.6439221559659417,39.16986906156659,0.16289600000000207
2019-10-31,64.1328,64.1328,64.1328,64.1328,63.8536,0.279200000000003,0.43725020985504814,0.8492329694048485,0.0,100.0,0.0,63.909720000000014,63.98311999999999,64.30813666666667,63.964622504476914,-0.23480485714891303,60.42904440879722,42.2751996537277,96.73673391893627,0.9474598400609036,48.65105921934048,0.1038640000000001
2019-10-30,63.8536,63.8536,63.8536,63.8536,63.9463,-0.09270000000000067,-0.144965385018368,0.8455358620735323,0.0,100.0,0.0,63.89702000000002,64.00481333333332,64.30287,63.88053375671536,-0.41206360014028914,40.64356661319583,33.19827727619293,55.534145287201625,0.7465872067252629,42.74548696168829,0.08862400000000008
2019-10-29,63.9463,63.9463,63.9463,63.9463,63.751999999999995,0.19430000000000547,0.30477475216464656,0.8467633758615445,0.0,100.0,0.0,63.91296000000002,64.07387333333332,64.31318333333333,63.89400063507304,-0.4460163417764236,39.432030963571854,29.47563260769149,59.344827675332574,0.7958757136064137,44.31685932252875,0.08400800000000146
2019-10-28,63.751999999999995,63.751999999999995,63.751999999999995,63.751999999999995,63.8639,-0.11190000000000566,-0.17521635853746115,0.8441904963684401,0.0,100.0,0.0,63.86934000000002,64.15747999999999,64.32714666666666,63.867850952609565,-0.5530603862606562,27.619040622627214,24.497433429751307,33.86225500837903,0.6673844791818235,40.025830125833096,0.10556800000000095
2019-10-25,63.8639,64.0693,64.0703,63.6539,64.0693,-0.20539999999999736,-0.32059036074999625,0.8456722524944226,0.416400000000003,100.6541625886238,0.6499212571387591,63.861960000000025,64.23798666666667,64.33676333333332,63.925776428914354,-0.5302199109486643,30.850601046082716,22.93662983331335,46.678543471621445,0.716626877474719,41.74622259957437,0.11224800000000101
2019-10-24,64.0693,64.0693,64.0693,64.0693,63.9333,0.13599999999999568,0.21272169589243115,0.8483921158391659,0.0,100.0,0.0,63.84220000000003,64.28898,64.35264333333333,63.95671464337153,-0.5507509182068209,29.367689008737596,18.979644226928674,50.14377857235544,0.8197158188074622,45.046364401264434,0.12728000000000178
2019-10-23,63.9333,63.9333,63.9333,63.9333,63.7282,0.20510000000000161,0.3218355453315826,0.8465912326118772,0.0,100.0,0.0,63.85186000000002,64.35980666666667,64.37416999999999,63.9004219650573,-0.7246031464505874,13.511785280652738,13.78562183602421,12.964112169909793,0.7312709233696602,42.23896523060357,0.13887200000000205
2019-10-22,63.7282,63.7282,63.7282,63.7282,63.7151,0.013100000000001444,0.020560275350743302,0.8438753418036646,0.0,100.0,0.0,63.88066000000001,64.44447333333333,64.42611,63.88398294758594,-0.8542206545974192,5.585939258618627,13.922540113709948,-11.087262451564015,0.6074155532510568,37.78833370266554,0.17343199999999825
2019-10-21,63.7151,63.7151,63.7151,63.7151,63.7651,-0.04999999999999716,-0.07841279947807996,0.8437018743751536,0.0,100.0,0.0,63.99000000000001,64.54690666666667,64.48261333333332,63.961874421378916,-0.8395102488399642,7.497466282625736,18.090840541255606,-13.689282234634003,0.600069809178061,37.50272680204562,0.19992000000000018
2019-10-18,63.7651,64.1176,64.1176,63.7616,64.1176,-0.35249999999999915,-0.5497710457035185,0.844363963796951,0.35599999999999454,100.55832977842462,0.5552297653062412,64.10598000000002,64.62302666666668,64.53885999999999,64.08526163206837,-0.744424325857607,11.246199423938604,23.387527670570538,-13.036457069325266,0.6161099448610179,38.12302169293328,0.14782400000000137
2019-10-17,64.1176,64.1176,64.1176,64.1176,64.0773,0.040300000000002,0.0628927873053359,0.8490316942206221,0.0,100.0,0.0,64.19744,64.68429333333334,64.60431999999999,64.24534244810256,-0.5728564815883022,16.747670000517463,29.45819179388651,-8.673373586220627,0.7467899558817807,42.75213246831389,0.07999200000000144
2019-10-16,64.0773,64.0773,64.0773,64.0773,64.2749,-0.19760000000000844,-0.3074294942504904,0.8484980501466535,0.0,100.0,0.0,64.26556000000001,64.69061333333335,64.67484999999999,64.30921367215383,-0.5431761812856105,21.155005553450334,35.81345269057103,-8.161888720791069,0.7242728699659015,42.00453899041075,0.09256800000000567
2019-10-15,64.2749,64.2749,64.2749,64.2749,64.295,-0.02009999999999934,-0.03126215102262904,0.8511146275415965,0.0,100.0,0.0,64.42800000000001,64.69550000000001,64.74645666666666,64.42517050823076,-0.41963516781028176,29.479298569100887,43.142676259131385,2.152543189039889,0.8070074230220914,44.65988422296732,0.19668000000000063
2019-10-14,64.295,64.295,64.295,64.295,64.2224,0.07260000000000844,0.11304466977255358,0.851380787489159,0.0,100.0,0.0,64.6131,64.67652000000001,64.82033,64.50030576234614,-0.3492181830037615,33.56509188902228,49.97436510414664,0.7465454587735394,0.8158097609738816,44.9281515336901,0.34548000000000056
2019-10-11,64.2224,64.4582,64.4582,64.0243,64.4582,-0.23580000000001178,-0.3658184684027971,0.8504194336487092,0.4339000000000084,100.67771143144088,0.6731494208650076,64.74602000000002,64.64664666666667,64.87894,64.60295864351922,-0.22156005589894673,38.867569979419564,58.17900171170882,0.24470651484105588,0.7792270076162218,43.79581718806174,0.324575999999999
2019-10-10,64.4582,64.4582,64.4582,64.4582,64.8895,-0.43129999999999313,-0.6646683978147361,0.8535418473619054,0.0,100.0,0.0,64.82730000000001,64.63315333333335,64.93996333333334,64.79323796527883,0.07500576796725253,50.31602765535978,67.83471757785345,15.278647810372433,0.8758620383866227,46.691175601587815,0.22703999999999952
2019-10-09,64.8895,64.8895,64.8895,64.8895,65.2004,-0.31090000000000373,-0.4768375654137148,0.8592530307143289,0.0,100.0,0.0,64.96200000000002,64.60092666666668,64.95506333333334,64.96075694791826,0.37392632174179563,75.47404148303967,76.59406253910028,73.23399937091844,1.1095718850970693,52.59701709790343,0.163239999999999
2019-10-08,65.2004,65.2004,65.2004,65.2004,64.9596,0.24080000000000723,0.3706919377582486,0.8633699027390646,0.0,100.0,0.0,65.02476000000001,64.55249333333335,64.96419333333333,64.99638542187739,0.48745805700762457,80.99811067435577,77.1540730671306,88.68618588880614,1.3508412638827392,57.46203644782201,0.18444800000000044
2019-10-07,64.9596,64.9596,64.9596,64.9596,64.6288,0.33079999999999643,0.5118461119500849,0.8601812800836885,0.0,100.0,0.0,65.03762000000002,64.49681333333334,64.97483000000001,64.89437813281609,0.3797133723422176,74.54542618030214,75.23205426351801,73.17217001387041,1.1944552754680255,54.43060466170934,0.19473600000000318
2019-10-04,64.6288,65.1317,65.1317,64.5483,65.1317,-0.5028999999999968,-0.7721278578633705,0.8558008964690775,0.5833999999999975,100.90381931050081,0.8957235877460553,65.01708,64.43554,64.98522000000001,64.86176719922413,0.3765210119535623,75.51080599695928,75.57536830512593,75.38168138062596,0.9949647959418608,49.873802182665536,0.2193840000000023
2019-10-03,65.1317,65.1317,65.1317,65.1317,65.2033,-0.07160000000000366,-0.1098103930322601,0.8624601918735149,0.0,100.0,0.0,65.02814000000001,64.41630666666666,64.97598666666667,64.97825079883621,0.6299328604613457,88.21324704957799,75.60764945920926,113.42444223031544,1.3849994891911392,58.071269845883904,0.20611199999999882
2019-10-02,65.2033,65.2033,65.2033,65.2033,65.2647,-0.061400000000006116,-0.09407842217922723,0.8634083039255287,0.0,100.0,0.0,64.84428000000001,64.38853333333333,64.92587666666668,64.90152619825432,0.5859451205301337,87.0102359291423,69.30485066402488,122.42100645937711,1.4607008174600498,59.36117089471259,0.3168239999999997
2019-10-01,65.2647,65.2647,65.2647,65.2647,64.8569,0.4078000000000088,0.6287688742446969,0.8642213497354959,0.0,100.0,0.0,64.63374000000002,64.40774666666665,64.86932333333336,64.75063929738148,0.4080376306678444,82.49395662637669,60.452158031466176,126.57755381619769,1.527168655629671,60.430025207366334,0.3617919999999998
2019-09-30,64.8569,64.8569,64.8569,64.8569,64.6841,0.17279999999999518,0.267144475999504,0.858821348411317,0.0,100.0,0.0,64.37884000000001,64.41831999999998,64.80835666666668,64.49360894607223,0.022270704750453528,73.74093493956502,49.43125873401092,122.36028735067323,1.2465319662460703,55.4869454330094,0.3133279999999985
2019-09-27,64.6841,64.2124,64.7088,64.21,64.2124,0.47169999999999845,0.7345933184244763,0.8565331673695855,0.4988000000000028,100.7768260395577,0.7767970049398601,64.17684000000001,64.45469333333332,64.75867000000001,64.31196341910835,-0.28768494710914755,60.61140240934754,37.27642063123386,107.2813659655749,1.136109795183349,53.18592694744106,0.21712800000000101
2019-09-26,64.2124,64.2124,64.2124,64.2124,64.1506,0.061800000000005184,0.09633580979757818,0.8502870157643497,0.0,100.0,0.0,64.04402000000002,64.52434666666666,64.71032000000001,64.12589512866252,-0.6488072530534743,42.157437047786296,25.608929742177022,75.25445165900484,0.8562156999561127,46.126950654299314,0.10998400000000146
2019-09-25,64.1506,64.1506,64.1506,64.1506,63.9902,0.16039999999999566,0.2506633828304891,0.8494686732390082,0.0,100.0,0.0,63.99650000000001,64.65908666666668,64.67969333333335,64.08264269299379,-0.8145597082385335,24.95215005105364,17.334676089372383,40.187097974416154,0.8221645602932547,45.120214617769626,0.07103999999999928
2019-09-24,63.9902,63.9902,63.9902,63.9902,63.8469,0.14330000000000354,0.22444316012211013,0.8473446903738825,0.0,100.0,0.0,63.99898000000002,64.79741333333335,64.64670333333335,64.04866403949069,-0.9877358761850108,15.596887751231371,13.525939108531754,19.738785036630606,0.7400986374719607,42.53199339016702,0.07401599999999889
2019-09-23,63.8469,63.8469,63.8469,63.8469,64.02,-0.17309999999999803,-0.27038425492033435,0.8454471420910113,0.0,100.0,0.0,64.07398000000002,64.96414000000001,64.61689666666669,64.07789605923604,-1.0764552676783565,9.567986317465735,12.490464787181944,3.723029378033317,0.6720185663890446,40.19205168518921,0.15209599999999882
2019-09-20,64.02,63.9748,64.0818,63.7131,63.9748,0.045199999999994134,0.07065281954768773,0.8477392956692736,0.368700000000004,100.57868789934881,0.5763206762662861,64.11270000000002,65.11123333333336,64.58965000000002,64.19339408885405,-1.029158005966184,10.590171109127064,13.95170402204005,3.867105283301097,0.7275791002510796,42.11553034794969,0.12111999999999909
2019-09-19,63.9748,63.9748,63.9748,63.9748,64.163,-0.18819999999999482,-0.29331546218224647,0.8471407668319689,0.0,100.0,0.0,64.17676000000003,65.24677333333335,64.54927333333336,64.28009113328108,-1.025073584284559,7.256714153569196,15.632470478496542,-9.494798496285494,0.7075324496120505,41.4359592271761,0.14079200000000186
2019-09-18,64.163,64.163,64.163,64.163,64.3652,-0.20220000000000482,-0.3141449106038742,0.8496328714156139,0.0,100.0,0.0,64.32482000000002,65.30920000000002,64.51462333333336,64.43273669992162,-0.906987017550312,10.885071230353795,19.820348640960212,-6.98548359085904,0.7669782785289048,43.40620865851568,0.1784559999999999
2019-09-17,64.3652,64.3652,64.3652,64.3652,64.0405,0.3247000000000071,0.5070228995713761,0.8523103610373622,0.0,100.0,0.0,64.59052000000001,65.37589333333337,64.47716000000003,64.56760504988242,-0.803179717081424,13.534629189351906,24.28798734626342,-7.972087124471123,0.837148769732206,45.567826815366395,0.4102240000000023
2019-09-16,64.0405,64.0405,64.0405,64.0405,64.3403,-0.29980000000000473,-0.46595990382389374,0.8480107523322103,0.0,100.0,0.0,64.80214000000001,65.45284666666669,64.42041333333336,64.66880757482362,-0.7430307569359281,12.898843008833937,29.664666424719176,-20.632803822936538,0.7007256721952924,41.20156963884701,0.5242080000000016
2019-09-13,64.3403,64.7151,64.7151,64.1535,64.7151,-0.37480000000000757,-0.5791538605364243,0.851980640505307,0.5616000000000128,100.87540040683676,0.867803650152766,65.07454000000001,65.53490000000002,64.38408000000003,64.98296136223541,-0.3076883032563984,19.348264513250907,38.0475781326618,-18.050362725570878,0.7935415397657107,44.24439145520825,0.4374719999999968
2019-09-12,64.7151,64.7151,64.7151,64.7151,65.4915,-0.7763999999999953,-1.1854973546185312,0.8569436628110996,0.0,100.0,0.0,65.35226000000002,65.53566666666669,64.33329000000002,65.30429204335313,0.2009975034829019,25.13849790094746,47.39723494236724,-19.3789761818921,0.937731873835836,48.3932729031055,0.25486399999999776
2019-09-11,65.4915,65.4915,65.4915,65.4915,65.4233,0.06820000000000448,0.10424420657472869,0.8672245873527681,0.0,100.0,0.0,65.65594000000002,65.46322000000002,64.28197000000003,65.5988880650297,0.734976941468265,37.707746851421206,58.52660346307715,-3.9299663718906857,1.4415922065587035,59.04311959573922,0.26020800000000294
2019-09-10,65.4233,65.4233,65.4233,65.4233,65.4025,0.020799999999994156,0.03180306563203877,0.8663214973814365,0.0,100.0,0.0,65.80274,65.33090000000001,64.2289666666667,65.65258209754455,0.9288790625787021,50.911832300079965,68.93603176890515,14.86343336242959,1.3977648117955752,58.29449180834603,0.34140800000000127
2019-09-09,65.4025,65.7289,65.7306,65.3556,65.7289,-0.3263999999999925,-0.4965852159400088,0.8660460681819688,0.375,100.57378403686907,0.5705252940487366,66.01630000000002,65.19839333333336,64.17093333333335,65.76722314631682,1.255069924239657,60.82224423058257,77.94813150331778,26.57046968511216,1.3853528642212707,58.077481323650495,0.36048000000000113
2019-09-06,65.7289,66.2335,66.2335,65.5992,66.2335,-0.5046000000000106,-0.7618501211622677,0.8703681879274616,0.6343000000000103,100.96693252356737,0.9576724769187953,66.14646,65.0626466666667,64.11804666666669,65.94958471947523,1.7438618737848928,76.31927491244527,86.51107513968543,55.93567445796492,1.6912280424335904,62.84224212022804,0.20428800000000252
2019-09-05,66.2335,66.2335,66.2335,66.2335,66.2255,0.008000000000009777,0.012079938996322833,0.8770499943722403,0.0,100.0,0.0,66.2113,64.89629333333336,64.04297000000003,66.05992707921286,2.177447922131643,89.65649721476122,91.60697525330556,85.75554113767254,2.4760090096163485,71.23137491204687,0.12648000000000081
2019-09-04,66.2255,66.2255,66.2255,66.2255,66.4911,-0.2656000000000063,-0.3994519567280527,0.8769440600647526,0.0,100.0,0.0,65.94684,64.70030000000003,63.945920000000015,65.97314061881929,2.3326445844599557,91.84481833517142,92.58221427257773,90.37002646035879,2.4691776940418384,71.17472530399765,0.4142560000000032
2019-08-16,66.4911,66.0533,66.5583,65.8631,66.0533,0.43780000000000996,0.6627980736768792,0.88046107907334,0.6951999999999998,101.05552274338743,1.052483373275824,65.73442,64.49599333333336,63.848770000000016,65.84696092822894,2.4421126098131394,95.30858258999955,92.95091224128086,100.0239232874369,3.127915829875711,75.77469984338055,0.5576960000000014
2019-08-15,66.0533,66.0533,66.0533,66.0533,66.0531,0.00019999999999242846,0.00030278669735777497,0.8746638240960827,0.0,100.0,0.0,65.5401,64.26965333333335,63.73150000000001,65.52489139234339,2.229901383301955,94.10967070400334,91.77207706692147,98.78485797816705,2.719574381744287,73.11520358597986,0.4104800000000012
2019-08-14,66.0531,66.0531,66.0531,66.0531,64.9112,1.1419000000000068,1.7591725310886364,0.8746611757383956,0.0,100.0,0.0,65.3837,64.06806666666668,63.63740666666668,65.26068708851508,2.087856552902084,91.16450605600487,90.6032802483805,92.28695767125359,2.7194011637443682,73.11395152134418,0.32208000000000253
2019-08-13,64.9112,64.9112,64.9112,64.9112,65.1634,-0.252200000000002,-0.3870270734799013,0.8595403775233886,0.0,100.0,0.0,65.04344,63.851773333333355,63.53826333333334,64.8644806327726,1.6988212111793939,86.74675908400701,90.32266734456829,79.59494256288446,1.80105500535509,64.29916591826336,0.3295519999999982
2019-08-06,65.1634,65.5195,65.5297,65.1129,65.5195,-0.35609999999999786,-0.5435023161043627,0.8628799565669343,0.41680000000000916,100.64011893188602,0.6361464907394122,64.78688,63.72004666666669,63.47656333333334,64.84112094915888,1.897438303781212,92.69434371668383,92.11062147484911,93.86178820035329,2.2189726277767994,68.9341875301793,0.6374239999999987
2019-08-05,65.5195,65.5195,65.5195,65.5195,65.2713,0.2481999999999971,0.38025901123464234,0.8675953574289748,0.0,100.0,0.0,64.45554,63.57842666666669,63.39982666666667,64.6799814237383,1.8870604507539717,96.48845385265516,91.81876035393171,105.82784085010206,3.1892454299991586,76.12935272688951,0.7518879999999981
2019-08-02,65.2713,64.3518,65.414,64.3518,64.3518,0.9194999999999993,1.4288644606677658,0.8643087455391729,1.0622000000000043,101.65061427963164,1.6506142796316565,64.03878,63.38798000000001,63.30197666666667,64.26022213560736,1.4302513869934053,94.73268077898237,89.4839136045695,105.2302151278081,2.906245040714358,74.39996749878435,0.6182159999999997
2019-08-01,64.3518,64.3518,64.3518,64.3518,63.6284,0.723399999999998,1.1369137052008194,0.8521329210723204,0.0,100.0,0.0,63.65778,63.233260000000016,63.226510000000005,63.754683203410885,0.7617313709576792,95.06896788842047,86.85953001736222,111.48784363053696,1.9327083901687436,65.9018263339008,0.27760800000000074
2019-07-31,63.6284,63.6284,63.6284,63.6284,63.5067,0.12169999999999703,0.19163332372804293,0.842553811317757,0.0,100.0,0.0,63.43414,63.130913333333346,63.17845000000001,63.45612480511619,0.355578078718927,92.60345183262955,82.75481108183115,112.30073333422632,1.2215040579182157,54.9854524714618,0.10735199999999878
2019-07-30,63.5067,63.5067,63.5067,63.5067,63.4357,0.07100000000000506,0.11192435805075858,0.8409422856651024,0.0,100.0,0.0,63.367180000000005,63.100720000000024,63.183446666666676,63.36998720767422,0.2579683247113278,88.90517774894171,77.83049070642845,111.05455183396825,1.110402081729036,52.61566463293536,0.08321599999999876
2019-07-29,63.4357,63.4357,63.4357,63.4357,63.3663,0.06939999999999458,0.10952193831736204,0.8400021186861502,0.0,100.0,0.0,63.29802000000001,63.12703333333335,63.20072333333335,63.30163081151125,0.17728413835857254,83.35776662340666,72.29314718516594,105.48700549988811,1.0502147803893116,51.22462243638144,0.08238399999999899
2019-07-26,63.3663,63.2336,63.4933,63.0703,63.2336,0.13269999999999982,0.20985678500037927,0.8390831385686955,0.4229999999999947,100.67068017751619,0.6689481541458887,63.23008000000001,63.14347333333335,63.23017333333335,63.23459621726677,0.0875627017026222,79.20633286546393,66.76083746603676,104.09732366431828,0.9955860245857991,49.88940653622995,0.08130400000000008
2019-07-25,63.2336,63.2336,63.2336,63.2336,63.2936,-0.05999999999999517,-0.09479631431929163,0.8373259532432454,0.0,100.0,0.0,63.16272,63.17344666666668,63.26434666666668,63.1687443259,-0.012729946155333793,78.00307103700841,60.538089766308325,112.9330335784086,0.8985913079980609,47.32937016053055,0.08070400000000007
2019-07-24,63.2936,63.1609,63.306000000000004,63.0116,63.1609,0.13269999999999982,0.21009833615417106,0.8381204605494021,0.2944000000000031,100.46721556030953,0.4661111542109171,63.07773999999999,63.189646666666675,63.30924666666668,63.13631648884989,-0.06963863412220672,72.63271600822979,51.80559913092701,114.28694976283535,0.9367384558126441,48.36680208425945,0.12691200000000152
2019-07-23,63.1609,63.1609,63.1609,63.1609,63.096000000000004,0.0648999999999944,0.10285913528590467,0.836363275223952,0.0,100.0,0.0,63.00607999999998,63.19154000000001,63.35142000000001,63.05767473327441,-0.2140659529694402,59.91300436053556,41.392040692219666,96.95493169716735,0.8495548457962253,45.932936118501296,0.10726400000000069
2019-07-22,63.096000000000004,63.096000000000004,63.096000000000004,63.096000000000004,63.0295,0.06650000000000489,0.10550615188126972,0.8355038831544592,0.0,100.0,0.0,62.981719999999996,63.20154666666668,63.39801666666668,63.0060620999112,-0.33240891917379845,42.79900947016824,32.131558857987095,64.13391069453051,0.8099613417748849,44.750201182784394,0.08777600000000092
2019-07-19,63.0295,62.8087,63.055,62.8026,62.8087,0.220799999999997,0.35154365557637235,0.8346233042234688,0.2524000000000015,100.4018941890941,0.40185515700850605,62.89507999999999,63.19334666666668,63.45414333333335,62.961093149866244,-0.4560856007994206,23.26107326757461,26.79783355183205,16.187552699059736,0.772289556361662,43.57581150266987,0.12746400000000052
2019-07-18,62.8087,62.8087,62.8087,62.8087,62.9353,-0.12659999999999627,-0.20115896801953162,0.8316995173368119,0.0,100.0,0.0,62.879279999999994,63.20674666666668,63.51549333333334,62.926889724798734,-0.5788025414229047,20.08860651037915,28.56621369399283,3.133392143151795,0.6561423030317958,39.61871524147636,0.11482400000000012
2019-07-17,62.9353,62.9353,62.9353,62.9353,63.0391,-0.10379999999999967,-0.16465971119511488,0.8333759277528027,0.0,100.0,0.0,62.88086,63.22475333333334,63.591370000000005,62.98598458719971,-0.558594195306327,24.243195572237344,32.80501728591495,7.119552144882135,0.6993916272720324,41.15541209266393,0.11292799999999943
2019-07-16,63.0391,63.0391,63.0391,63.0391,62.6628,0.3763000000000005,0.6005157765053597,0.8347504253924539,0.0,100.0,0.0,62.9289,63.23308000000001,63.67277000000001,63.01132688080061,-0.5936544565863452,25.364470413140992,37.0859281429284,1.9215549535661722,0.736343881254966,42.407721719430576,0.15135999999999966
2019-07-15,62.6628,62.6628,62.6628,62.6628,62.9505,-0.28770000000000095,-0.4570257583339306,0.8297675404040074,0.0,100.0,0.0,63.10136,63.22122666666668,63.74340666666668,62.997440321200074,-0.7012121201725279,22.856167915698848,42.94665700818075,-17.324810269264958,0.5584861751196228,35.83517031049415,0.34967200000000104
2019-07-12,62.9505,62.8166,63.1919,62.815,62.8166,0.13389999999999702,0.21316021561179213,0.8335772029370291,0.3768999999999991,100.6000159197644,0.6000006367743544,63.30526,63.215973333333345,63.832796666666674,63.16476048181546,-0.512875732844111,34.28425187459726,52.99190155534375,-3.1310474868957243,0.639196274507427,38.99449287727935,0.38927199999999973
2019-07-11,62.8166,62.8166,62.8166,62.8166,63.1755,-0.35889999999999844,-0.56809997546517,0.831804127465456,0.0,100.0,0.0,63.47834,63.219760000000015,63.915466666666674,63.27189072273795,-0.40136436329993286,45.190184882616926,62.34572639700488,10.879101853841007,0.5767406598415195,36.57802925558401,0.3858319999999992
2019-07-10,63.1755,63.1755,63.1755,63.1755,63.9014,-0.7259000000000029,-1.1359688520126363,0.8365566053351169,0.0,100.0,0.0,63.61034000000001,63.22598666666668,63.99455666666667,63.49953608415394,-0.06725062664671855,67.78527732859192,70.92349715597041,61.50883767383493,0.6828938025693478,40.57854402498505,0.22743200000000172
2019-07-09,63.9014,63.9014,63.9014,63.9014,63.6823,0.2191000000000045,0.3440516438633726,0.8461688195607703,0.0,100.0,0.0,63.63964000000001,63.266173333333334,64.05424333333333,63.661554126281096,0.2015637853868163,86.48658579824026,72.49260707014574,114.4745432544293,1.0436652570340734,51.06830746580886,0.19227200000000125
2019-07-08,63.6823,63.6823,63.6823,63.6823,63.8159,-0.13360000000000127,-0.20935221473018678,0.8432675437144544,0.0,100.0,0.0,63.52156,63.274413333333335,64.08112,63.541631189365916,0.024771380070511384,79.72987869422062,65.49561770284704,108.19840067696776,0.8955977059169663,47.246190640631454,0.18203199999999953
2019-07-05,63.8159,63.4766,63.8618,63.4375,63.4766,0.3393000000000015,0.5345276842174935,0.8450366466494968,0.42430000000000234,100.6688472906404,0.6684352974166896,63.3797,63.31687333333334,64.10700666666668,63.471296783999854,-0.09214664154246421,78.54208152370525,58.378487202199366,118.86927016671703,0.9775535336293805,49.432468805802095,0.21323999999999899
2019-07-04,63.4766,63.4766,63.4766,63.4766,63.321999999999996,0.15460000000000207,0.24414895297053485,0.8405437078331802,0.0,100.0,0.0,63.262620000000005,63.35524666666667,64.12917333333334,63.29899517581963,-0.4006359876964124,70.1010297635234,48.29669003090538,113.70970922875944,0.7617494857959938,43.23824084738245,0.12869599999999934
2019-07-03,63.321999999999996,63.321999999999996,63.321999999999996,63.321999999999996,63.31100000000001,0.010999999999988574,0.017374547866861323,0.8384965273409829,0.0,100.0,0.0,63.18306,63.42884666666668,64.17493666666668,63.21019276359017,-0.6101388135567752,55.1515446218394,37.39452014749819,90.6655935705218,0.6704432301992727,40.135648915126154,0.12572800000000087
2019-07-02,63.31100000000001,63.31100000000001,63.31100000000001,63.31100000000001,62.973,0.33800000000000807,0.536737967065263,0.8383508676681877,0.0,100.0,0.0,63.130700000000004,63.51130000000001,64.21046000000001,63.15428914525375,-0.7934197543072692,44.349781805944026,28.51600788944095,76.01732963895019,0.6644107063819018,39.91867535064099,0.11204000000000178
2019-07-01,62.973,62.973,62.973,62.973,63.2305,-0.2575000000000003,-0.40724017681340535,0.8338751431768378,0.0,100.0,0.0,63.04076,63.594486666666675,64.24747,63.07593371760412,-1.0416540693258423,28.7191604332703,20.599120903252782,44.95923949330533,0.49228791642374925,32.988802697237645,0.09888800000000089
2019-06-28,63.2305,63.0788,63.2768,62.8587,63.0788,0.15169999999999817,0.24049284387147213,0.8372849036990939,0.4181000000000026,100.66514261351254,0.6628217404262645,62.962959999999995,63.71494000000002,64.29925666666668,63.12740057667862,-1.1036008575605076,26.793050277154823,16.539101116753898,47.300948597956676,0.5605408807732074,35.91965373540704,0.19224800000000214
2019-06-27,63.0788,63.0788,63.0788,63.0788,63.0602,0.018599999999999284,0.029495624815651208,0.835276124393361,0.0,100.0,0.0,62.918319999999994,63.82424000000002,64.35051666666668,63.07585086460863,-1.351124645116486,17.757236690278248,11.412126495846984,30.447457079140776,0.48469604652970505,32.64614650672928,0.15653600000000267
2019-06-26,63.0602,63.0602,63.0602,63.0602,62.8613,0.19890000000000185,0.31641089191601485,0.8350298271284524,0.0,100.0,0.0,62.88456,63.957986666666685,64.40194000000001,63.07437629689539,-1.549090817436836,12.378132518611606,8.239571360847822,20.65525483413917,0.4760609203784298,32.25211871718534,0.12952800000000053
2019-06-25,62.8613,62.8613,62.8613,62.8613,62.583999999999996,0.2773000000000039,0.44308449443947956,0.8323960354085427,0.0,100.0,0.0,63.02818,64.11246000000001,64.45504666666668,63.0814644454697,-1.761510932765784,6.64192571140546,6.170290744999802,7.585195644216778,0.3903165052887467,28.07393164103192,0.30004800000000104
2019-06-24,62.583999999999996,62.583999999999996,62.583999999999996,62.583999999999996,63.0073,-0.4233000000000047,-0.6718269152939496,0.8287240874752547,0.0,100.0,0.0,63.260919999999984,64.26558666666669,64.52450333333334,63.19154667115435,-1.8293694190321543,3.018583150973346,5.934473255477922,-2.813197058035806,0.2793131145120461,21.8330533271037,0.5125840000000025
2019-06-21,63.0073,62.91,63.5455,62.8903,62.91,0.09730000000000416,0.15466539500874926,0.8343293365201908,0.6551999999999936,101.04181407943673,1.0414878397710914,63.60795999999999,64.44962000000002,64.61929666666667,63.495320018941555,-1.5773074601613957,4.5278747871253096,7.39241836633165,-1.2012123712873706,0.33146751151932,24.894900450187237,0.5194479999999999
2019-06-20,62.91,62.91,62.91,62.91,63.7783,-0.868300000000005,-1.3614348453941307,0.8330409105053732,0.0,100.0,0.0,63.8848,64.61117333333337,64.68916333333334,63.73933004312413,-1.391474000280834,3.3308880122052726,8.824690242289094,-7.656716447962371,0.291612816554614,22.57741738212951,0.4325199999999995
2019-06-19,63.7783,63.7783,63.7783,63.7783,64.025,-0.24670000000000414,-0.3853182350644344,0.8445387554043052,0.0,100.0,0.0,64.21892,64.7631266666667,64.76112,64.15399510218755,-0.8886911946633295,4.996332168926892,11.571591605754518,-8.15418670472836,0.4354098944513171,30.333488443574637,0.25381599999999765
2019-06-18,64.025,64.025,64.025,64.025,64.3192,-0.29419999999998936,-0.457406186644096,0.8478055046114533,0.0,100.0,0.0,64.37501999999999,64.84231333333337,64.80413333333334,64.3418426787641,-0.6995066081164008,7.494498592283075,14.85922177015703,-7.2349477634648345,0.5005253694967099,33.35667491343986,0.16233600000000195
2019-06-17,64.3192,64.3192,64.3192,64.3192,64.3915,-0.07229999999999848,-0.11228190056140715,0.8517012387693086,0.0,100.0,0.0,64.48178,64.8878266666667,64.84988000000001,64.5002640503825,-0.5332334372473951,11.241748650933362,18.541584108399086,-3.357922263998084,0.5998665729284671,37.49478757034373,0.10114400000000501
2019-06-14,64.3915,64.5806,64.5806,64.2199,64.5806,-0.18910000000001048,-0.2928123925761149,0.8526586200732276,0.36070000000000846,100.56166390791641,0.5585268641047132,64.57390000000001,64.89714000000004,64.88002666666668,64.59079610320659,-0.45834279751179097,12.572835928044602,22.191502951186923,-6.66449811824004,0.6283241568006492,38.58716669997625,0.08504000000000075
2019-06-13,64.5806,64.5806,64.5806,64.5806,64.5588,0.02179999999999893,0.03376766606566251,0.8551626422664651,0.0,100.0,0.0,64.6696,64.90310000000004,64.90324333333335,64.69044420043286,-0.3573077120150373,11.446085931923076,27.000838664669118,-19.663419533569012,0.7101439339813239,41.52538975640861,0.1242399999999975
2019-06-12,64.5588,64.5588,64.5588,64.5588,64.5588,0.0,0.0,0.8548739712785615,0.0,100.0,0.0,64.77047999999999,64.9210266666667,64.89776333333334,64.74536633836772,-0.317461837998929,15.837427576486803,34.77822037224837,-22.04415801503633,0.6962041893836038,41.04483373765293,0.1693439999999981
2019-06-11,64.5588,64.5588,64.5588,64.5588,64.7798,-0.22099999999998943,-0.341155730644413,0.8548739712785615,0.0,100.0,0.0,64.93418,64.90962000000005,64.91020666666667,64.8386496036466,-0.20703079085279805,23.756149522140106,44.24862652599449,-17.22880448556866,0.6962041893836038,41.04483373765293,0.23757599999999854
2019-06-10,64.7798,64.7798,64.7798,64.7798,64.87,-0.09020000000001005,-0.13904732542008638,0.8578004065229055,0.0,100.0,0.0,65.05405999999999,64.90045333333337,64.94274666666668,64.97857462168392,-0.0015932312517246104,35.634242637398195,54.494880860570646,-2.0870338089466998,0.7928067324957476,44.22153922816263,0.18332799999999735
2019-06-07,64.87,65.085,65.1459,64.7622,65.085,-0.2149999999999892,-0.3303372512867623,0.8589948158398278,0.3836999999999904,100.5924752401864,0.589536759622018,65.16699999999999,64.88357333333337,64.96303000000002,65.07796216288831,0.16595345678251067,52.38032195257971,63.92522182998999,29.29052219775916,0.8368125071395749,45.55786199663478,0.15512000000000228
2019-06-06,65.085,65.085,65.085,65.085,65.3773,-0.29230000000001155,-0.44709708109697327,0.8618418003535562,0.0,100.0,0.0,65.27911999999999,64.87679333333337,64.98815,65.18194360584786,0.3663555038604012,69.30790053049148,69.69769183801495,68.52831791544455,0.9540174410399687,48.823384121495906,0.12601600000000132
2019-06-05,65.3773,65.3773,65.3773,65.3773,65.1582,0.21910000000001162,0.3362585215675259,0.8657123751133833,0.0,100.0,0.0,65.29997999999999,64.84589333333336,65.01782000000001,65.23041566155818,0.5037760765681497,76.13274601992262,69.89258850818135,88.61306104340517,1.1589368965605964,53.68090648721134,0.1009839999999997
2019-06-04,65.1582,65.1582,65.1582,65.1582,65.3445,-0.1863000000000028,-0.2851043316576036,0.8628110992670673,0.0,100.0,0.0,65.21773999999999,64.79763333333337,0.0,65.15697291782094,0.4578134207580347,72.98184361593371,66.77248534485885,85.40056015808344,1.0094318826618567,50.23469028095052,0.13584800000000144
2019-06-03,65.3445,65.3445,65.3445,65.3445,65.4306,-0.08610000000000184,-0.1315898066042522,0.8652780444526841,0.0,100.0,0.0,65.12764,64.78342000000004,0.0,65.15635936953204,0.5271738436734034,77.57421434293673,63.66776977870116,105.38710347140787,1.144536855225403,53.36988508435336,0.23259199999999963
2019-05-31,65.4306,65.1893,65.5838,65.1331,65.1893,0.2412999999999954,0.3701527704699934,0.8664181624370191,0.45069999999999766,100.6919676784922,0.6913711299246926,64.95052000000001,64.78897333333337,0.0,65.06228739854241,0.45153244094453254,76.36464442682035,56.714425111140784,115.66508305817948,1.2142829381641913,54.838653057179954,0.2937759999999969
2019-05-30,65.1893,65.1893,65.1893,65.1893,64.9661,0.22320000000000562,0.3435637971188137,0.8632229188874253,0.0,100.0,0.0,64.76058,64.76715333333338,0.0,64.87812623569764,0.21463585716772599,70.95097052202634,46.88905604961857,119.07479946684187,1.0556988800791982,51.35474316347958,0.2536959999999965
2019-05-29,64.9661,64.9661,64.9661,64.9661,64.7077,0.25839999999999463,0.39933423688370107,0.8602673517085221,0.0,100.0,0.0,64.69262,64.75911333333337,0.0,64.72253319173079,-0.011476612831168742,56.42588055856694,34.85762234303649,99.56239698962783,0.9194880272760972,47.90277481339241,0.17817599999999914
2019-05-28,64.7077,64.7077,64.7077,64.7077,64.4589,0.2488000000000028,0.38598238567521753,0.8568456735766737,0.0,100.0,0.0,64.57694000000001,64.76595333333337,0.0,64.60074255284347,-0.21732082156476948,34.637526540071896,24.072852585522003,55.76687444917169,0.7730596169022634,43.600317188030395,0.16132800000000316
2019-05-27,64.4589,64.4589,64.4589,64.4589,64.4809,-0.02200000000000557,-0.03411863047818124,0.8535511166138102,0.0,100.0,0.0,64.51966000000002,64.81193333333339,0.0,64.54725906363024,-0.3437882775041424,17.715535243087228,18.79004488478634,15.566515959689,0.6421418674238405,39.10392154066566,0.13193600000000175
2019-05-24,64.4809,64.8495,64.855,64.4082,64.8495,-0.3686000000000007,-0.5683929714184391,0.853842435959401,0.4468000000000103,100.69370049155233,0.6889798687730981,64.53320000000002,64.86291333333338,0.0,64.59144450114643,-0.3311962860428546,18.95523616067461,19.327371523200274,18.21096543562328,0.6491195440362788,39.36158214749767,0.126520000000005
2019-05-23,64.8495,64.8495,64.8495,64.8495,64.3877,0.46180000000001087,0.7172177294731927,0.8587233591768908,0.0,100.0,0.0,64.59068000000002,64.90338666666672,0.0,64.6467278352416,-0.29970277905080267,20.071333879272707,19.51347651586646,21.1870486060852,0.7811822473438591,43.85751365469628,0.174575999999999
2019-05-22,64.3877,64.3877,64.3877,64.3877,64.4213,-0.03360000000000696,-0.05215666247034282,0.8526083012771707,0.0,100.0,0.0,64.54508000000001,64.87450000000005,0.0,64.54531125398985,-0.5191243182016304,7.903553136636266,19.23446392708144,-14.758268444254078,0.5444979684774058,35.25404238726075,0.11985599999999863
2019-05-21,64.4213,64.4213,64.4213,64.4213,64.5266,-0.10529999999999973,-0.16318851450409555,0.8530532253686185,0.0,100.0,0.0,64.59822,64.91079333333337,0.0,64.62415244569365,-0.485496196310233,11.857113128151056,24.90247612287126,-14.233612861289352,0.5533464180554247,35.6228598864726,0.09941599999999937
2019-05-20,64.5266,64.5266,64.5266,64.5266,64.7683,-0.24169999999999447,-0.37317638412617665,0.8544475856909237,0.0,100.0,0.0,64.70295999999999,64.98504000000004,0.0,64.72564734399616,-0.4120983657705014,17.789683903858602,31.429574112450954,-9.490096513326101,0.5808134672184173,36.74142960335545,0.12295199999999795
2019-05-17,64.7683,64.6215,64.7965,64.5597,64.6215,0.14679999999999893,0.2271689762695062,0.8576481259558918,0.23679999999998813,100.36679228682908,0.36644150940474635,64.8832,65.04248666666669,0.0,64.82527213109114,-0.33139193452122895,26.693562929960628,38.256448215609005,3.56779235866388,0.6495329151009578,39.37677806575954,0.24256000000000028
2019-05-16,64.6215,64.6215,64.6215,64.6215,64.6534,-0.03190000000000737,-0.04934001924107219,0.8557042314134949,0.0,100.0,0.0,64.9502,65.0995066666667,0.0,64.85380163105556,-0.3511338255455707,28.159244370863686,44.046706172041695,-3.6156792314923365,0.582804976951297,36.821022516233214,0.2522800000000018
2019-05-15,64.6534,64.6534,64.6534,64.6534,64.945,-0.2915999999999883,-0.44899530371851315,0.8561266444646016,0.0,100.0,0.0,65.03964,65.1897466666667,0.0,64.97021830247668,-0.2392901509084609,42.27109319643727,52.008619361455246,22.796040866401313,0.5907592070239542,37.136934641991886,0.19235200000000247
2019-05-14,64.945,64.945,64.945,64.945,65.4278,-0.48280000000001166,-0.737912630410944,0.8599879499725234,0.0,100.0,0.0,65.12270000000001,0.0,0.0,65.12917194742148,-0.04353787733605026,63.47928819921917,56.89411765677253,76.64962928411244,,,0.12203999999999553
2019-05-13,65.4278,65.4278,65.4278,65.4278,65.1033,0.32450000000000045,0.4984386352151126,0.8663810854293983,0.0,100.0,0.0,65.21318000000001,0.0,0.0,65.22173352390189,0.08617364890590169,67.74515721004799,53.5845269436646,96.06641774281479,,,0.1595359999999971
2019-05-10,65.1033,65.0687,65.4374,65.0601,65.0687,0.03459999999999752,0.05317456780294907,0.8620841250819338,0.3772999999999911,100.57992533057893,0.5798486830073308,65.17234000000002,0.0,0.0,65.11790000493038,-0.054444483517031364,57.41132396515648,46.44921750734012,79.33553688078919,,,0.11052799999999934
2019-05-09,65.0687,65.0687,65.0687,65.0687,65.0687,0.0,0.0,0.8616259592020501,0.0,100.0,0.0,65.16928000000003,0.0,0.0,65.12528538997938,-0.05983693237985313,53.11868487587241,40.90405656215255,77.54794150331213,,,0.1129759999999976
2019-05-08,65.0687,65.0687,65.0687,65.0687,65.3974,-0.32869999999999777,-0.5026193701890255,0.8616259592020501,0.0,100.0,0.0,65.03878000000002,0.0,0.0,65.15407738216287,-0.037265617963347236,48.411084867723424,34.68896317743179,75.8553282483067,,,0.249031999999994
2019-05-07,65.3974,65.3974,65.3974,65.3974,65.2236,0.17379999999999995,0.2664679655830097,0.8659785350609457,0.0,100.0,0.0,65.01146000000001,0.0,0.0,65.19790616034636,0.009258504052444924,41.24491327324149,27.644663943432256,68.44541193285995,,,0.26984800000000175
2019-05-06,65.2236,65.2236,65.2236,65.2236,65.08800000000001,0.1355999999999966,0.2083333333333281,0.8636771122307783,0.0,100.0,0.0,65.03898000000001,0.0,0.0,65.09410924662967,-0.13599765295377467,32.25741514277034,20.568435882141344,55.635373664028336,,,0.29186399999999824
2019-05-03,65.08800000000001,65.08800000000001,65.5983,65.0215,64.4162,0.6718000000000046,1.0429053561060797,0.861881525718864,0.5767999999999915,100.8870911929131,0.895426926766856,65.07192,0.0,0.0,65.02533890237981,-0.2755659697314767,22.629611272759675,14.360617124735903,39.16759956880722,,,0.31821599999999817
2019-03-18,64.4162,64.8075,64.815,64.1468,64.9321,-0.515900000000002,-0.7945222778872114,0.8529856922475954,0.6681999999999988,101.04167316218424,1.0290749875639302,65.17904000000001,0.0,0.0,64.99099308270678,-0.42170426831359614,10.893599855766428,9.828213565405578,13.024372436488132,,,0.40391199999999683
2019-03-15,64.9321,65.514,65.514,64.8446,65.535,-0.6028999999999911,-0.9199664301518138,0.8598171309017001,0.669399999999996,101.03231417882137,1.0214389257648524,65.49082000000001,0.0,0.0,65.32197582938389,-0.21444221179208128,9.907625680700825,9.214732834226226,11.293411373650024,,,0.26449599999999407
2019-03-14,65.535,65.3932,65.5892,65.3209,65.3883,0.1466999999999956,0.22435206298373808,0.867800605149732,0.26830000000001064,100.41074143191537,0.4103180538414527,0.0,0.0,0.0,65.56489846153845,-0.0663925060340135,12.292939572714591,8.783007291422823,19.31280413529813,,,
2019-03-13,65.3883,65.6236,65.6249,65.331,65.6236,-0.23529999999999518,-0.3585600302330186,0.8658580347861787,0.2938999999999936,100.4498630053114,0.4478571733339738,0.0,0.0,0.0,65.58614210526315,-0.09273541129003277,5.230544694596641,6.289108038926042,3.113418005937838,,,
2019-03-12,65.6236,65.6236,65.6236,65.6236,65.9751,-0.3515000000000015,-0.5327767597169257,0.8689738276051568,0.0,100.0,0.0,0.0,0.0,0.0,65.7642,-0.042961111111109555,4.526134405514063,7.2418150488225015,-0.9052268811028146,,,
2019-03-11,65.9751,66.2827,66.2839,65.9357,0.0,0.0,0.0,0.8736283162403919,0.3482000000000056,100.52809024549676,0.0,0.0,0.0,0.0,65.9751,0.0,11.315336013785156,11.315336013785156,11.315336013785156,,,
