Date,Open,High,Low,Close,Adj Close
2015-04-21,1269.319946,1270.079956,1263.589966,1264.150024,1264.150024
2015-04-22,1265.01001,1266.560059,1255.040039,1265.47998,1265.47998
2015-04-23,1263.660034,1273.25,1262.410034,1271.540039,1271.540039
2015-04-24,1272.800049,1273.079956,1266.219971,1267.540039,1267.540039
2015-04-27,1269.869995,1275.839966,1250.449951,1252.699951,1252.699951
2015-04-28,1252.890015,1260.689941,1242.569946,1259.359985,1259.359985
2015-04-29,1254.5,1255.810059,1245.469971,1246.949951,1246.949951
2015-04-30,1241.400024,1242.77002,1216.099976,1220.130005,1220.130005
2015-05-01,1223.050049,1229.469971,1218.589966,1228.109985,1228.109985
2015-05-04,1230.300049,1240.630005,1230.099976,1233.219971,1233.219971
2015-05-05,1231.77002,1234.040039,1211.780029,1215.420044,1215.420044
2015-05-06,1221.530029,1222.900024,1211.130005,1219.359985,1219.359985
2015-05-07,1218.949951,1228.819946,1215.430054,1225.540039,1225.540039
2015-05-08,1234.819946,1239.380005,1232.589966,1234.930054,1234.930054
2015-05-11,1234.589966,1243.560059,1234.51001,1235.829956,1235.829956
2015-05-12,1230.569946,1236.140015,1218.369995,1233.130005,1233.130005
2015-05-13,1235.73999,1237.880005,1228.48999,1232.280029,1232.280029
2015-05-14,1236.810059,1245.119995,1232.530029,1245.109985,1245.109985
2015-05-15,1245.420044,1245.900024,1238.98999,1243.949951,1243.949951
2015-05-18,1242.079956,1258.0,1240.839966,1257.52002,1257.52002
2015-05-19,1257.859985,1258.579956,1251.819946,1255.660034,1255.660034
2015-05-20,1257.329956,1260.829956,1252.359985,1257.73999,1257.73999
2015-05-21,1257.5,1261.02002,1252.98999,1256.73999,1256.73999
2015-05-22,1255.48999,1258.72998,1248.369995,1252.219971,1252.219971
2015-05-26,1248.109985,1248.109985,1233.719971,1238.76001,1238.76001
2015-05-27,1241.01001,1255.050049,1237.609985,1254.359985,1254.359985
2015-05-28,1251.780029,1253.199951,1246.069946,1253.099976,1253.099976
2015-05-29,1251.579956,1252.640015,1241.150024,1246.530029,1246.530029
2015-06-01,1252.02002,1254.560059,1238.650024,1249.619995,1249.619995
2015-06-02,1245.589966,1258.459961,1243.300049,1251.800049,1251.800049
2015-06-03,1254.97998,1264.939941,1252.790039,1264.579956,1264.579956
2015-06-04,1258.540039,1261.209961,1248.430054,1251.290039,1251.290039
2015-06-05,1250.400024,1261.069946,1242.73999,1261.01001,1261.01001
2015-06-08,1259.670044,1261.180054,1252.72998,1253.699951,1253.699951
2015-06-09,1253.5,1254.439941,1242.359985,1249.660034,1249.660034
2015-06-10,1254.469971,1269.77002,1254.469971,1266.930054,1266.930054
2015-06-11,1268.680054,1270.790039,1266.050049,1268.920044,1268.920044
2015-06-12,1265.560059,1266.780029,1262.219971,1265.02002,1265.02002
2015-06-15,1259.380005,1262.859985,1247.52002,1261.040039,1261.040039
2015-06-16,1259.02002,1271.459961,1258.930054,1269.530029,1269.530029
2015-06-17,1273.359985,1274.400024,1266.630005,1268.329956,1268.329956
2015-06-18,1271.949951,1287.060059,1271.949951,1284.680054,1284.680054
2015-06-19,1285.469971,1286.579956,1281.660034,1284.660034,1284.660034
2015-06-22,1290.560059,1293.310059,1288.48999,1292.390015,1292.390015
2015-06-23,1294.369995,1296.0,1289.589966,1295.800049,1295.800049
2015-06-24,1293.810059,1295.030029,1283.199951,1283.920044,1283.920044
2015-06-25,1286.969971,1287.459961,1278.569946,1283.280029,1283.280029
2015-06-26,1285.22998,1287.099976,1274.030029,1279.800049,1279.800049
2015-06-29,1269.359985,1273.949951,1246.599976,1246.75,1246.75
2015-06-30,1255.51001,1256.869995,1248.810059,1253.949951,1253.949951
2015-07-01,1262.119995,1264.630005,1250.650024,1256.400024,1256.400024
2015-07-02,1259.030029,1259.25,1244.630005,1248.26001,1248.26001
2015-07-06,1239.22998,1253.199951,1236.589966,1246.959961,1246.959961
2015-07-07,1247.780029,1248.959961,1225.97998,1248.050049,1248.050049
2015-07-08,1239.079956,1241.349976,1226.52002,1228.959961,1228.959961
2015-07-09,1240.160034,1243.959961,1232.810059,1234.150024,1234.150024
2015-07-10,1245.0,1252.869995,1244.219971,1252.02002,1252.02002
2015-07-13,1258.790039,1266.099976,1258.790039,1265.349976,1265.349976
2015-07-14,1265.300049,1274.109985,1264.869995,1273.329956,1273.329956
2015-07-15,1273.800049,1273.800049,1263.01001,1264.52002,1264.52002
2015-07-16,1271.099976,1275.900024,1269.660034,1272.829956,1272.829956
2015-07-17,1273.670044,1273.670044,1263.869995,1267.089966,1267.089966
2015-07-20,1268.819946,1268.890015,1258.300049,1260.219971,1260.219971
2015-07-21,1259.75,1265.439941,1252.089966,1254.569946,1254.569946
2015-07-22,1249.369995,1259.76001,1248.630005,1258.349976,1258.349976
2015-07-23,1260.660034,1262.569946,1243.689941,1244.969971,1244.969971
2015-07-24,1242.390015,1243.579956,1225.430054,1225.98999,1225.98999
2015-07-27,1219.209961,1220.72998,1212.329956,1214.609985,1214.609985
2015-07-28,1219.469971,1226.410034,1205.189941,1224.599976,1224.599976
2015-07-29,1223.97998,1232.339966,1220.930054,1229.599976,1229.599976
2015-07-30,1226.040039,1233.0,1220.97998,1232.069946,1232.069946
2015-07-31,1235.170044,1244.97998,1232.949951,1238.680054,1238.680054
2015-08-03,1238.319946,1238.969971,1224.869995,1231.790039,1231.790039
2015-08-04,1232.52002,1237.199951,1226.369995,1228.849976,1228.849976
2015-08-05,1233.719971,1243.160034,1229.51001,1231.75,1231.75
2015-08-06,1232.439941,1232.77002,1207.77002,1215.849976,1215.849976
2015-08-07,1209.47998,1211.930054,1200.410034,1206.900024,1206.900024
2015-08-10,1212.420044,1223.390015,1212.420044,1222.670044,1222.670044
2015-08-11,1214.140015,1218.670044,1205.869995,1211.140015,1211.140015
2015-08-12,1203.170044,1210.97998,1189.420044,1208.97998,1208.97998
2015-08-13,1208.569946,1213.410034,1203.640015,1204.73999,1204.73999
2015-08-14,1202.109985,1212.790039,1199.459961,1212.689941,1212.689941
2015-08-17,1209.23999,1225.089966,1206.400024,1225.089966,1225.089966
2015-08-18,1224.079956,1224.119995,1214.26001,1214.890015,1214.890015
2015-08-19,1208.550049,1211.680054,1196.660034,1202.97998,1202.97998
2015-08-20,1193.900024,1193.930054,1172.52002,1172.52002,1172.52002
2015-08-21,1158.0,1172.76001,1152.369995,1156.790039,1156.790039
2015-08-24,1119.76001,1148.579956,1105.930054,1111.689941,1111.689941
2015-08-25,1133.130005,1133.150024,1104.050049,1104.099976,1104.099976
2015-08-26,1119.280029,1132.630005,1102.579956,1132.189941,1132.189941
2015-08-27,1140.920044,1157.900024,1133.77002,1153.609985,1153.609985
2015-08-28,1149.550049,1163.050049,1149.469971,1162.910034,1162.910034
2015-08-31,1161.01001,1164.890015,1156.369995,1159.449951,1159.449951
2015-09-01,1148.310059,1151.530029,1124.459961,1128.050049,1128.050049
2015-09-02,1128.050049,1146.030029,1128.050049,1146.030029,1146.030029
2015-09-03,1148.619995,1157.630005,1143.790039,1145.150024,1145.150024
2015-09-04,1132.949951,1142.550049,1130.75,1136.170044,1136.170044
2015-09-08,1139.069946,1162.449951,1139.069946,1161.76001,1161.76001
2015-09-09,1162.719971,1170.199951,1147.329956,1148.22998,1148.22998
2015-09-10,1147.98999,1158.26001,1146.469971,1153.030029,1153.030029
2015-09-11,1152.51001,1157.910034,1143.72998,1157.790039,1157.790039
2015-09-14,1158.030029,1159.170044,1151.310059,1153.5,1153.5
2015-09-15,1153.930054,1167.280029,1153.930054,1166.0,1166.0
2015-09-16,1166.170044,1175.890015,1165.410034,1175.199951,1175.199951
2015-09-17,1175.089966,1193.98999,1173.699951,1180.689941,1180.689941
2015-09-18,1175.339966,1175.339966,1160.660034,1163.349976,1163.349976
2015-09-21,1165.040039,1177.959961,1158.099976,1161.089966,1161.089966
2015-09-22,1158.420044,1158.420044,1137.699951,1143.030029,1143.030029
2015-09-23,1143.410034,1149.219971,1137.410034,1140.050049,1140.050049
2015-09-24,1137.880005,1138.959961,1124.75,1137.540039,1137.540039
2015-09-25,1140.23999,1146.719971,1119.300049,1122.790039,1122.790039
2015-09-28,1121.869995,1121.869995,1087.469971,1090.569946,1090.569946
2015-09-29,1090.949951,1098.02002,1078.630005,1083.910034,1083.910034
2015-09-30,1087.079956,1101.930054,1087.079956,1100.689941,1100.689941
2015-10-01,1100.890015,1103.699951,1083.900024,1097.550049,1097.550049
2015-10-02,1095.579956,1114.119995,1080.609985,1114.119995,1114.119995
2015-10-05,1115.819946,1142.180054,1115.819946,1141.640015,1141.640015
2015-10-06,1141.430054,1143.630005,1127.119995,1133.689941,1133.689941
2015-10-07,1134.48999,1152.609985,1134.48999,1152.599976,1152.599976
2015-10-08,1152.430054,1164.579956,1149.300049,1163.23999,1163.23999
2015-10-09,1163.640015,1168.76001,1162.910034,1165.359985,1165.359985
2015-10-12,1165.449951,1166.51001,1159.540039,1164.400024,1164.400024
2015-10-13,1163.25,1169.709961,1147.839966,1147.839966,1147.839966
2015-10-14,1147.880005,1153.469971,1136.060059,1136.969971,1136.969971
2015-10-15,1137.97998,1162.819946,1135.670044,1162.77002,1162.77002
2015-10-16,1163.589966,1165.22998,1152.569946,1162.310059,1162.310059
2015-10-19,1161.800049,1168.920044,1155.569946,1164.300049,1164.300049
2015-10-20,1164.369995,1169.609985,1159.079956,1163.27002,1163.27002
2015-10-21,1164.02002,1167.01001,1144.900024,1144.949951,1144.949951
2015-10-22,1147.089966,1160.079956,1145.800049,1154.52002,1154.52002
2015-10-23,1157.040039,1166.420044,1155.650024,1166.060059,1166.060059
2015-10-26,1165.77002,1165.77002,1157.52002,1159.5,1159.5
2015-10-27,1158.530029,1158.530029,1139.920044,1145.290039,1145.290039
2015-10-28,1145.47998,1178.780029,1145.47998,1178.719971,1178.719971
2015-10-29,1178.359985,1178.359985,1164.23999,1165.630005,1165.630005
2015-10-30,1165.47998,1167.650024,1159.660034,1161.859985,1161.859985
2015-11-02,1161.949951,1187.619995,1161.949951,1186.089966,1186.089966
2015-11-03,1185.780029,1196.560059,1182.369995,1191.579956,1191.579956
2015-11-04,1192.280029,1196.140015,1185.390015,1190.380005,1190.380005
2015-11-05,1190.310059,1191.930054,1179.73999,1190.689941,1190.689941
2015-11-06,1190.030029,1199.959961,1181.780029,1199.75,1199.75
2015-11-09,1199.579956,1199.579956,1180.560059,1184.430054,1184.430054
2015-11-10,1183.689941,1187.719971,1177.430054,1187.699951,1187.699951
2015-11-11,1188.27002,1189.849976,1178.060059,1178.069946,1178.069946
2015-11-12,1177.349976,1177.349976,1154.380005,1154.810059,1154.810059
2015-11-13,1154.089966,1158.430054,1144.339966,1146.550049,1146.550049
2015-11-16,1146.369995,1156.219971,1140.76001,1156.079956,1156.079956
2015-11-17,1156.160034,1166.339966,1152.48999,1153.209961,1153.209961
2015-11-18,1153.390015,1172.02002,1153.390015,1171.75,1171.75
2015-11-19,1171.699951,1172.290039,1164.189941,1166.72998,1166.72998
2015-11-20,1168.349976,1178.73999,1168.349976,1175.150024,1175.150024
2015-11-23,1174.890015,1184.410034,1173.75,1180.359985,1180.359985
2015-11-24,1179.22998,1189.660034,1172.880005,1188.810059,1188.810059
2015-11-25,1188.900024,1198.530029,1188.51001,1198.02002,1198.02002
2015-11-27,1197.910034,1203.689941,1195.839966,1202.380005,1202.380005
2015-11-30,1202.77002,1204.869995,1197.199951,1198.109985,1198.109985
2015-12-01,1198.930054,1204.400024,1195.689941,1204.160034,1204.160034
2015-12-02,1203.890015,1205.079956,1190.849976,1191.689941,1191.689941
2015-12-03,1192.699951,1196.680054,1168.150024,1170.569946,1170.569946
2015-12-04,1170.640015,1183.819946,1170.48999,1183.400024,1183.400024
2015-12-07,1183.069946,1183.069946,1161.579956,1164.300049,1164.300049
2015-12-08,1162.25,1163.72998,1151.27002,1159.400024,1159.400024
2015-12-09,1158.97998,1165.560059,1142.75,1145.869995,1145.869995
2015-12-10,1145.660034,1154.839966,1144.030029,1149.02002,1149.02002
2015-12-11,1146.22998,1146.22998,1121.27002,1123.609985,1123.609985
2015-12-14,1123.630005,1126.48999,1108.76001,1115.859985,1115.859985
2015-12-15,1117.02002,1133.319946,1117.02002,1131.550049,1131.550049
2015-12-16,1133.819946,1150.27002,1133.819946,1148.969971,1148.969971
2015-12-17,1149.209961,1151.400024,1135.349976,1135.359985,1135.359985
2015-12-18,1134.949951,1134.949951,1120.469971,1121.02002,1121.02002
2015-12-21,1122.160034,1130.400024,1120.609985,1127.73999,1127.73999
2015-12-22,1128.47998,1138.650024,1123.670044,1137.689941,1137.689941
2015-12-23,1139.040039,1152.910034,1139.040039,1152.819946,1152.819946
2015-12-24,1152.75,1159.709961,1151.599976,1154.76001,1154.76001
2015-12-28,1153.98999,1153.98999,1140.02002,1148.209961,1148.209961
2015-12-29,1148.959961,1160.939941,1148.73999,1160.52002,1160.52002
2015-12-30,1159.969971,1160.380005,1149.160034,1149.640015,1149.640015
2015-12-31,1149.329956,1149.329956,1135.569946,1135.890015,1135.890015
2016-01-04,1134.079956,1134.079956,1100.530029,1108.619995,1108.619995
2016-01-05,1109.099976,1112.670044,1104.75,1110.439941,1110.439941
2016-01-06,1109.459961,1109.459961,1088.77002,1094.369995,1094.369995
2016-01-07,1090.949951,1090.949951,1063.839966,1064.569946,1064.569946
2016-01-08,1065.849976,1072.089966,1045.109985,1046.199951,1046.199951
2016-01-11,1046.640015,1052.589966,1031.670044,1041.900024,1041.900024
2016-01-12,1044.97998,1056.920044,1028.140015,1044.699951,1044.699951
2016-01-13,1045.73999,1050.660034,1005.6900019999999,1010.1900019999999,1010.1900019999999
2016-01-14,1010.6400150000001,1033.579956,999.6199949999999,1025.670044,1025.670044
2016-01-15,1023.919983,1023.919983,983.9799800000001,1007.7199710000001,1007.7199710000001
2016-01-19,1010.2999880000001,1017.830017,985.2199710000001,994.8699949999999,994.8699949999999
2016-01-20,991.7899779999999,1008.679993,958.4799800000001,999.3099980000001,999.3099980000001
2016-01-21,999.5300289999999,1014.5,992.1199949999999,997.340027,997.340027
2016-01-22,999.8099980000001,1021.840027,999.8099980000001,1020.659973,1020.659973
2016-01-25,1019.429993,1019.429993,996.0399779999999,997.3699949999999,997.3699949999999
2016-01-26,998.1900019999999,1019.51001,998.1900019999999,1017.9699710000001,1017.9699710000001
2016-01-27,1016.900024,1021.849976,998.8099980000001,1002.75,1002.75
2016-01-28,1004.150024,1014.4799800000001,1000.3800050000001,1003.2700199999999,1003.2700199999999
2016-01-29,1003.5200199999999,1035.380005,1003.5200199999999,1035.380005,1035.380005
2016-02-01,1033.530029,1037.27002,1020.590027,1032.390015,1032.390015
2016-02-02,1030.560059,1030.560059,1005.400024,1008.840027,1008.840027
2016-02-03,1009.5,1016.919983,989.25,1010.2999880000001,1010.2999880000001
2016-02-04,1009.929993,1025.109985,1008.590027,1014.7899779999999,1014.7899779999999
2016-02-05,1014.3099980000001,1014.3099980000001,985.6199949999999,985.6199949999999,985.6199949999999
2016-02-08,982.150024,982.150024,955.7100220000001,969.340027,969.340027
2016-02-09,967.849976,975.1400150000001,957.090027,963.900024,963.900024
2016-02-10,965.5200199999999,983.4500119999999,963.320007,963.4799800000001,963.4799800000001
2016-02-11,958.8900150000001,958.8900150000001,943.099976,953.7199710000001,953.7199710000001
2016-02-12,955.340027,972.8699949999999,955.340027,971.98999,971.98999
2016-02-16,972.4500119999999,996.3900150000001,972.4500119999999,995.7999880000001,995.7999880000001
2016-02-17,997.830017,1016.2800289999999,997.830017,1011.1300050000001,1011.1300050000001
2016-02-18,1011.9799800000001,1013.599976,1002.409973,1004.7100220000001,1004.7100220000001
2016-02-19,1003.7199710000001,1010.7199710000001,998.2700199999999,1010.01001,1010.01001
2016-02-22,1010.3900150000001,1025.280029,1010.3900150000001,1021.73999,1021.73999
2016-02-23,1021.25,1021.25,1012.150024,1012.150024,1012.150024
2016-02-24,1010.099976,1023.0599980000001,996.7000119999999,1022.080017,1022.080017
2016-02-25,1022.9600220000001,1031.579956,1020.4600220000001,1031.579956,1031.579956
2016-02-26,1031.589966,1039.709961,1031.589966,1037.180054,1037.180054
2016-02-29,1037.209961,1044.910034,1033.670044,1033.900024,1033.900024
2016-03-01,1035.52002,1054.48999,1035.52002,1054.48999,1054.48999
2016-03-02,1054.23999,1065.680054,1052.150024,1065.670044,1065.670044
2016-03-03,1065.640015,1076.089966,1064.599976,1076.050049,1076.050049
2016-03-04,1076.339966,1088.23999,1073.819946,1081.930054,1081.930054
2016-03-07,1081.280029,1094.5,1077.939941,1094.150024,1094.150024
2016-03-08,1092.709961,1092.709961,1067.23999,1067.880005,1067.880005
2016-03-09,1068.449951,1074.199951,1067.130005,1072.77002,1072.77002
2016-03-10,1073.410034,1078.97998,1054.560059,1063.98999,1063.98999
2016-03-11,1066.109985,1087.869995,1066.109985,1087.560059,1087.560059
2016-03-14,1086.969971,1087.459961,1079.900024,1084.25,1084.25
2016-03-15,1082.680054,1082.680054,1065.51001,1066.670044,1066.670044
2016-03-16,1066.079956,1076.51001,1063.660034,1074.51001,1074.51001
2016-03-17,1074.400024,1094.689941,1069.890015,1091.25,1091.25
2016-03-18,1092.01001,1102.97998,1092.01001,1101.670044,1101.670044
2016-03-21,1101.459961,1103.630005,1096.160034,1098.579956,1098.579956
2016-03-22,1096.680054,1100.76001,1090.0,1097.339966,1097.339966
2016-03-23,1097.050049,1097.050049,1075.699951,1075.699951,1075.699951
2016-03-24,1074.699951,1079.540039,1065.619995,1079.540039,1079.540039
2016-03-28,1079.939941,1084.469971,1073.459961,1080.22998,1080.22998
2016-03-29,1079.819946,1109.209961,1075.430054,1109.079956,1109.079956
2016-03-30,1110.189941,1117.349976,1107.72998,1110.439941,1110.439941
2016-03-31,1110.430054,1117.790039,1109.530029,1114.030029,1114.030029
2016-04-01,1112.900024,1118.390015,1102.119995,1117.680054,1117.680054
2016-04-04,1117.689941,1119.410034,1108.170044,1108.540039,1108.540039
2016-04-05,1106.219971,1106.219971,1095.25,1095.849976,1095.849976
2016-04-06,1095.98999,1109.02002,1094.23999,1108.810059,1108.810059
2016-04-07,1107.890015,1107.890015,1088.560059,1092.790039,1092.790039
2016-04-08,1093.859985,1106.050049,1093.77002,1097.310059,1097.310059
2016-04-11,1097.959961,1110.430054,1094.310059,1094.339966,1094.339966
2016-04-12,1094.459961,1107.359985,1091.650024,1105.709961,1105.709961
2016-04-13,1106.47998,1129.930054,1106.47998,1129.930054,1129.930054
2016-04-14,1130.079956,1132.089966,1125.130005,1128.589966,1128.589966
2016-04-15,1128.079956,1132.140015,1125.060059,1130.920044,1130.920044
2016-04-18,1129.719971,1139.47998,1125.160034,1139.280029,1139.280029
2016-04-19,1139.829956,1146.5,1135.849976,1140.22998,1140.22998
2016-04-20,1140.140015,1147.719971,1137.319946,1142.290039,1142.290039
2016-04-21,1142.369995,1144.540039,1133.439941,1135.77002,1135.77002
2016-04-22,1135.660034,1147.410034,1135.51001,1146.689941,1146.689941
2016-04-25,1146.26001,1146.26001,1134.849976,1138.099976,1138.099976
2016-04-26,1138.699951,1150.819946,1138.699951,1150.72998,1150.72998
2016-04-27,1150.920044,1156.069946,1145.849976,1154.150024,1154.150024
2016-04-28,1153.109985,1155.550049,1138.699951,1140.400024,1140.400024
2016-04-29,1140.109985,1140.109985,1124.26001,1130.849976,1130.849976
2016-05-02,1131.209961,1140.920044,1129.23999,1140.920044,1140.920044
2016-05-03,1138.869995,1138.869995,1116.530029,1121.76001,1121.76001
2016-05-04,1121.160034,1123.689941,1110.390015,1113.130005,1113.130005
2016-05-05,1114.349976,1118.380005,1107.640015,1107.949951,1107.949951
2016-05-06,1107.800049,1114.77002,1101.569946,1114.719971,1114.719971
2016-05-09,1114.719971,1123.650024,1113.079956,1118.25,1118.25
2016-05-10,1118.73999,1129.040039,1117.939941,1128.829956,1128.829956
2016-05-11,1128.469971,1128.469971,1114.609985,1114.73999,1114.73999
2016-05-12,1114.869995,1119.890015,1101.26001,1108.599976,1108.599976
2016-05-13,1108.369995,1112.959961,1099.439941,1102.439941,1102.439941
2016-05-16,1103.22998,1119.680054,1103.22998,1116.209961,1116.209961
2016-05-17,1115.410034,1118.339966,1094.060059,1097.680054,1097.680054
2016-05-18,1097.189941,1110.72998,1093.949951,1102.949951,1102.949951
2016-05-19,1101.689941,1103.719971,1085.939941,1094.780029,1094.780029
2016-05-20,1095.160034,1112.319946,1095.160034,1112.280029,1112.280029
2016-05-23,1112.469971,1117.319946,1110.869995,1111.369995,1111.369995
2016-05-24,1112.51001,1136.290039,1112.51001,1135.310059,1135.310059
2016-05-25,1136.369995,1142.849976,1136.369995,1141.02002,1141.02002
2016-05-26,1141.099976,1143.189941,1137.589966,1139.75,1139.75
2016-05-27,1139.97998,1150.449951,1139.97998,1150.449951,1150.449951
2016-05-31,1150.599976,1158.969971,1150.339966,1154.790039,1154.790039
2016-06-01,1154.51001,1163.430054,1148.599976,1163.040039,1163.040039
2016-06-02,1162.73999,1170.77002,1159.359985,1170.579956,1170.579956
2016-06-03,1170.390015,1170.390015,1155.839966,1164.130005,1164.130005
2016-06-06,1164.26001,1179.339966,1163.680054,1176.869995,1176.869995
2016-06-07,1177.189941,1183.75,1175.050049,1179.969971,1179.969971
2016-06-08,1180.199951,1190.170044,1180.199951,1188.949951,1188.949951
2016-06-09,1188.22998,1188.22998,1177.859985,1181.199951,1181.199951
2016-06-10,1178.380005,1178.380005,1161.27002,1163.930054,1163.930054
2016-06-13,1162.530029,1164.900024,1149.47998,1150.699951,1150.699951
2016-06-14,1149.589966,1153.219971,1141.22998,1147.819946,1147.819946
2016-06-15,1148.089966,1157.959961,1148.089966,1149.300049,1149.300049
2016-06-16,1147.859985,1148.859985,1133.099976,1148.189941,1148.189941
2016-06-17,1148.959961,1151.689941,1141.48999,1144.699951,1144.699951
2016-06-20,1146.390015,1167.119995,1146.390015,1157.699951,1157.699951
2016-06-21,1158.119995,1158.849976,1147.77002,1153.869995,1153.869995
2016-06-22,1154.150024,1161.280029,1148.699951,1148.969971,1148.969971
2016-06-23,1151.51001,1172.219971,1151.51001,1172.219971,1172.219971
2016-06-24,1162.920044,1162.920044,1123.48999,1127.540039,1127.540039
2016-06-27,1123.810059,1123.810059,1085.880005,1089.650024,1089.650024
2016-06-28,1092.170044,1110.5,1092.170044,1107.300049,1107.300049
2016-06-29,1110.790039,1132.619995,1110.790039,1131.619995,1131.619995
2016-06-30,1132.150024,1152.030029,1128.910034,1151.920044,1151.920044
2016-07-01,1151.75,1161.050049,1151.25,1156.77002,1156.77002
2016-07-05,1155.459961,1155.459961,1133.630005,1139.449951,1139.449951
2016-07-06,1138.920044,1147.910034,1131.709961,1147.329956,1147.329956
2016-07-07,1147.630005,1156.890015,1143.420044,1149.76001,1149.76001
2016-07-08,1152.23999,1178.119995,1152.23999,1177.359985,1177.359985
2016-07-11,1179.189941,1192.040039,1179.189941,1190.030029,1190.030029
2016-07-12,1191.97998,1211.77002,1191.97998,1205.890015,1205.890015
2016-07-13,1206.859985,1210.380005,1197.869995,1201.160034,1201.160034
2016-07-14,1203.359985,1209.910034,1201.900024,1202.170044,1202.170044
2016-07-15,1203.52002,1208.23999,1201.670044,1205.310059,1205.310059
2016-07-18,1205.290039,1210.640015,1202.48999,1207.910034,1207.910034
2016-07-19,1207.23999,1207.23999,1198.780029,1200.449951,1200.449951
2016-07-20,1201.430054,1212.079956,1198.400024,1209.73999,1209.73999
2016-07-21,1209.569946,1213.52002,1201.410034,1203.859985,1203.859985
2016-07-22,1204.109985,1214.160034,1202.22998,1212.890015,1212.890015
2016-07-25,1212.839966,1212.839966,1207.199951,1209.819946,1209.819946
2016-07-26,1209.51001,1217.130005,1208.76001,1216.859985,1216.859985
2016-07-27,1217.459961,1222.26001,1212.829956,1218.930054,1218.930054
2016-07-28,1218.72998,1219.48999,1214.26001,1217.329956,1217.329956
2016-07-29,1217.089966,1224.77002,1210.25,1219.939941,1219.939941
2016-08-01,1220.300049,1224.459961,1214.640015,1219.119995,1219.119995
2016-08-02,1219.0,1219.050049,1199.599976,1202.349976,1202.349976
2016-08-03,1201.869995,1212.73999,1198.72998,1212.72998,1212.72998
2016-08-04,1212.780029,1219.089966,1211.97998,1213.76001,1213.76001
2016-08-05,1215.699951,1232.869995,1215.699951,1231.300049,1231.300049
2016-08-08,1231.319946,1235.780029,1228.890015,1230.420044,1230.420044
2016-08-09,1230.530029,1233.290039,1229.439941,1231.73999,1231.73999
2016-08-10,1231.699951,1232.839966,1220.75,1223.27002,1223.27002
2016-08-11,1224.0,1231.0,1223.75,1229.119995,1229.119995
2016-08-12,1228.849976,1231.650024,1225.040039,1229.819946,1229.819946
2016-08-15,1230.530029,1243.829956,1230.530029,1241.859985,1241.859985
2016-08-16,1241.680054,1241.680054,1230.73999,1231.130005,1231.130005
2016-08-17,1230.97998,1230.97998,1221.719971,1227.680054,1227.680054
2016-08-18,1227.420044,1236.849976,1227.420044,1236.849976,1236.849976
2016-08-19,1236.48999,1237.390015,1231.76001,1236.77002,1236.77002
2016-08-22,1236.599976,1239.73999,1232.0,1239.73999,1239.73999
2016-08-23,1240.599976,1251.329956,1240.599976,1248.579956,1248.579956
2016-08-24,1248.47998,1248.910034,1235.469971,1237.25,1237.25
2016-08-25,1236.400024,1243.300049,1234.410034,1240.0,1240.0
2016-08-26,1240.140015,1250.180054,1231.27002,1238.030029,1238.030029
2016-08-29,1238.319946,1248.219971,1238.319946,1244.939941,1244.939941
2016-08-30,1245.079956,1248.430054,1241.540039,1246.030029,1246.030029
2016-08-31,1245.640015,1245.640015,1233.119995,1239.910034,1239.910034
2016-09-01,1240.069946,1242.089966,1228.780029,1239.800049,1239.800049
2016-09-02,1241.430054,1251.829956,1241.430054,1251.829956,1251.829956
2016-09-06,1252.449951,1254.410034,1246.459961,1253.369995,1253.369995
2016-09-07,1253.219971,1261.119995,1252.410034,1261.01001,1261.01001
2016-09-08,1260.47998,1260.47998,1254.939941,1258.359985,1258.359985
2016-09-09,1256.300049,1256.300049,1219.199951,1219.209961,1219.209961
2016-09-12,1218.630005,1235.869995,1211.660034,1235.869995,1235.869995
2016-09-13,1234.550049,1234.550049,1206.069946,1212.319946,1212.319946
2016-09-14,1212.680054,1219.930054,1209.709961,1211.589966,1211.589966
2016-09-15,1211.969971,1227.359985,1211.099976,1227.02002,1227.02002
2016-09-16,1226.959961,1227.089966,1218.280029,1224.780029,1224.780029
2016-09-19,1225.640015,1239.97998,1225.640015,1232.530029,1232.530029
2016-09-20,1233.23999,1238.25,1228.130005,1228.329956,1228.329956
2016-09-21,1229.619995,1245.23999,1228.130005,1245.040039,1245.040039
2016-09-22,1246.430054,1263.459961,1246.430054,1263.439941,1263.439941
2016-09-23,1262.939941,1262.939941,1254.560059,1254.619995,1254.619995
2016-09-26,1253.949951,1253.949951,1240.77002,1240.939941,1240.939941
2016-09-27,1240.910034,1247.119995,1238.310059,1246.380005,1246.380005
2016-09-28,1246.699951,1255.939941,1240.589966,1255.670044,1255.670044
2016-09-29,1255.589966,1255.589966,1236.859985,1237.75,1237.75
2016-09-30,1239.930054,1255.709961,1238.060059,1251.650024,1251.650024
2016-10-03,1251.280029,1251.280029,1240.969971,1245.780029,1245.780029
2016-10-04,1246.02002,1249.930054,1235.75,1239.780029,1239.780029
2016-10-05,1240.52002,1254.089966,1240.52002,1248.369995,1248.369995
2016-10-06,1247.77002,1247.77002,1237.410034,1246.23999,1246.23999
2016-10-07,1246.369995,1247.579956,1231.349976,1236.560059,1236.560059
2016-10-10,1239.209961,1253.810059,1239.209961,1250.76001,1250.76001
2016-10-11,1249.959961,1249.959961,1222.569946,1227.619995,1227.619995
2016-10-12,1227.670044,1232.609985,1224.290039,1227.22998,1227.22998
2016-10-13,1225.140015,1225.140015,1209.319946,1215.75,1215.75
2016-10-14,1217.630005,1226.01001,1212.26001,1212.410034,1212.410034
2016-10-17,1212.420044,1215.420044,1209.829956,1210.140015,1210.140015
2016-10-18,1211.300049,1222.199951,1211.300049,1217.300049,1217.300049
2016-10-19,1217.339966,1226.349976,1214.050049,1222.640015,1222.640015
2016-10-20,1221.98999,1222.609985,1213.160034,1219.790039,1219.790039
2016-10-21,1217.890015,1220.030029,1208.98999,1218.099976,1218.099976
2016-10-24,1219.72998,1231.930054,1219.72998,1226.449951,1226.449951
2016-10-25,1225.900024,1226.160034,1214.810059,1216.099976,1216.099976
2016-10-26,1214.48999,1216.079956,1203.119995,1204.75,1204.75
2016-10-27,1205.73999,1208.180054,1188.75,1189.949951,1189.949951
2016-10-28,1190.060059,1196.23999,1185.47998,1187.609985,1187.609985
2016-10-31,1187.869995,1192.97998,1185.170044,1191.390015,1191.390015
2016-11-01,1191.77002,1194.47998,1170.869995,1177.939941,1177.939941
2016-11-02,1177.77002,1177.77002,1161.849976,1162.52002,1162.52002
2016-11-03,1164.469971,1168.130005,1156.079956,1156.890015,1156.890015
2016-11-04,1157.189941,1174.780029,1156.920044,1163.439941,1163.439941
2016-11-07,1164.569946,1193.390015,1164.569946,1192.25,1192.25
2016-11-08,1192.040039,1200.219971,1184.849976,1195.140015,1195.140015
2016-11-09,1194.339966,1233.660034,1188.430054,1232.160034,1232.160034
2016-11-10,1235.859985,1258.47998,1234.02002,1251.609985,1251.609985
2016-11-11,1251.52002,1282.819946,1250.829956,1282.380005,1282.380005
2016-11-14,1283.030029,1306.560059,1283.030029,1298.599976,1298.599976
2016-11-15,1298.52002,1304.380005,1290.449951,1302.140015,1302.140015
2016-11-16,1300.689941,1304.97998,1296.109985,1302.199951,1302.199951
2016-11-17,1302.859985,1313.060059,1302.859985,1309.47998,1309.47998
2016-11-18,1309.73999,1316.219971,1308.439941,1315.640015,1315.640015
2016-11-21,1317.410034,1323.719971,1313.670044,1322.22998,1322.22998
2016-11-22,1322.459961,1334.829956,1322.459961,1334.339966,1334.339966
2016-11-23,1333.76001,1342.349976,1326.949951,1342.089966,1342.089966
2016-11-25,1342.199951,1347.199951,1340.660034,1347.199951,1347.199951
2016-11-28,1346.880005,1346.880005,1328.579956,1329.829956,1329.829956
2016-11-29,1329.910034,1335.439941,1327.02002,1328.219971,1328.219971
2016-11-30,1329.76001,1337.329956,1320.949951,1322.339966,1322.339966
2016-12-01,1322.76001,1331.72998,1308.849976,1313.800049,1313.800049
2016-12-02,1313.579956,1319.349976,1311.52002,1314.25,1314.25
2016-12-05,1314.97998,1338.22998,1314.97998,1337.790039,1337.790039
2016-12-06,1338.050049,1353.569946,1334.300049,1352.670044,1352.670044
2016-12-07,1352.099976,1366.609985,1347.839966,1364.51001,1364.51001
2016-12-08,1364.430054,1386.449951,1363.699951,1386.369995,1386.369995
2016-12-09,1386.660034,1392.709961,1383.23999,1388.069946,1388.069946
2016-12-12,1387.780029,1388.530029,1370.790039,1373.140015,1373.140015
2016-12-13,1373.339966,1382.439941,1367.920044,1373.530029,1373.530029
2016-12-14,1372.079956,1374.540039,1354.069946,1356.02002,1356.02002
2016-12-15,1356.439941,1374.819946,1354.469971,1366.410034,1366.410034
2016-12-16,1366.930054,1379.030029,1362.069946,1364.189941,1364.189941
2016-12-19,1364.780029,1375.589966,1364.780029,1371.680054,1371.680054
2016-12-20,1372.069946,1385.060059,1372.069946,1383.959961,1383.959961
2016-12-21,1383.630005,1384.359985,1375.189941,1375.189941,1375.189941
2016-12-22,1374.949951,1375.459961,1360.25,1362.660034,1362.660034
2016-12-23,1362.630005,1371.51001,1362.560059,1371.51001,1371.51001
2016-12-27,1371.589966,1381.97998,1371.589966,1377.709961,1377.709961
2016-12-28,1377.780029,1379.27002,1359.219971,1360.829956,1360.829956
2016-12-29,1360.920044,1367.449951,1357.390015,1363.180054,1363.180054
2016-12-30,1363.589966,1364.97998,1353.920044,1357.130005,1357.130005
2017-01-03,1357.98999,1375.089966,1355.390015,1365.48999,1365.48999
2017-01-04,1366.699951,1388.599976,1366.699951,1387.949951,1387.949951
2017-01-05,1387.709961,1387.709961,1366.569946,1371.939941,1371.939941
2017-01-06,1372.48999,1375.060059,1366.819946,1367.280029,1367.280029
2017-01-09,1367.130005,1367.130005,1356.540039,1357.48999,1357.48999
2017-01-10,1357.73999,1371.5,1357.73999,1370.900024,1370.900024
2017-01-11,1370.890015,1375.540039,1365.140015,1373.300049,1373.300049
2017-01-12,1372.839966,1372.839966,1346.810059,1361.069946,1361.069946
2017-01-13,1361.380005,1376.170044,1361.380005,1372.050049,1372.050049
2017-01-17,1371.51001,1371.51001,1351.5,1352.319946,1352.319946
2017-01-18,1352.73999,1358.839966,1350.810059,1358.560059,1358.560059
2017-01-19,1358.829956,1360.76001,1342.140015,1345.73999,1345.73999
2017-01-20,1345.959961,1355.209961,1345.959961,1351.849976,1351.849976
2017-01-23,1351.410034,1353.130005,1341.459961,1347.839966,1347.839966
2017-01-24,1348.119995,1370.969971,1348.119995,1369.209961,1369.209961
2017-01-25,1371.109985,1383.359985,1371.109985,1382.439941,1382.439941
2017-01-26,1382.430054,1384.130005,1374.619995,1375.599976,1375.599976
2017-01-27,1375.680054,1375.930054,1366.359985,1370.699951,1370.699951
2017-01-30,1369.48999,1369.48999,1342.660034,1352.329956,1352.329956
2017-01-31,1351.719971,1363.599976,1345.650024,1361.819946,1361.819946
2017-02-01,1364.069946,1374.189941,1357.48999,1361.22998,1361.22998
2017-02-02,1360.540039,1364.099976,1354.859985,1357.430054,1357.430054
2017-02-03,1358.050049,1377.930054,1358.050049,1377.839966,1377.839966
2017-02-06,1377.329956,1377.329956,1364.630005,1366.660034,1366.660034
2017-02-07,1366.819946,1371.880005,1357.609985,1361.060059,1361.060059
2017-02-08,1360.469971,1360.469971,1349.430054,1358.73999,1358.73999
2017-02-09,1359.300049,1379.72998,1359.300049,1378.530029,1378.530029
2017-02-10,1380.069946,1391.180054,1380.069946,1388.839966,1388.839966
2017-02-13,1390.410034,1398.599976,1389.939941,1392.380005,1392.380005
2017-02-14,1391.800049,1397.140015,1386.349976,1396.650024,1396.650024
2017-02-15,1396.339966,1405.209961,1392.040039,1404.209961,1404.209961
2017-02-16,1403.599976,1404.839966,1391.869995,1399.130005,1399.130005
2017-02-17,1399.069946,1399.859985,1392.670044,1399.859985,1399.859985
2017-02-21,1400.660034,1410.400024,1400.660034,1410.339966,1410.339966
2017-02-22,1410.109985,1410.109985,1401.300049,1403.859985,1403.859985
2017-02-23,1404.380005,1406.560059,1385.630005,1394.619995,1394.619995
2017-02-24,1393.619995,1394.530029,1382.209961,1394.52002,1394.52002
2017-02-27,1394.530029,1407.969971,1392.23999,1407.969971,1407.969971
2017-02-28,1406.869995,1406.869995,1386.530029,1386.680054,1386.680054
2017-03-01,1389.119995,1414.819946,1389.119995,1413.640015,1413.640015
2017-03-02,1413.160034,1413.160034,1395.160034,1395.670044,1395.670044
2017-03-03,1395.550049,1399.079956,1387.969971,1394.130005,1394.130005
2017-03-06,1392.339966,1392.339966,1378.449951,1384.25,1384.25
2017-03-07,1383.319946,1383.660034,1374.199951,1374.880005,1374.880005
2017-03-08,1375.660034,1381.959961,1365.839966,1366.040039,1366.040039
2017-03-09,1366.22998,1371.040039,1357.380005,1360.119995,1360.119995
2017-03-10,1361.150024,1369.050049,1356.689941,1365.26001,1365.26001
2017-03-13,1365.160034,1373.25,1365.050049,1370.280029,1370.280029
2017-03-14,1369.160034,1369.160034,1353.469971,1362.380005,1362.380005
2017-03-15,1363.359985,1385.689941,1363.359985,1382.829956,1382.829956
2017-03-16,1383.76001,1389.790039,1382.469971,1386.030029,1386.030029
2017-03-17,1385.27002,1393.180054,1380.689941,1391.52002,1391.52002
2017-03-20,1391.459961,1391.47998,1381.119995,1384.099976,1384.099976
2017-03-21,1385.530029,1390.199951,1346.030029,1346.550049,1346.550049
2017-03-22,1346.209961,1348.640015,1335.219971,1345.599976,1345.599976
2017-03-23,1345.420044,1361.219971,1343.290039,1353.430054,1353.430054
2017-03-24,1354.52002,1362.790039,1349.180054,1354.640015,1354.640015
2017-03-27,1352.699951,1359.329956,1335.040039,1357.319946,1357.319946
2017-03-28,1356.699951,1367.939941,1352.530029,1367.26001,1367.26001
2017-03-29,1366.680054,1373.130005,1363.349976,1371.640015,1371.640015
2017-03-30,1371.98999,1382.930054,1371.98999,1382.349976,1382.349976
2017-03-31,1382.199951,1389.949951,1380.119995,1385.920044,1385.920044
2017-04-03,1386.430054,1388.73999,1366.530029,1369.670044,1369.670044
2017-04-04,1368.579956,1374.050049,1363.300049,1368.180054,1368.180054
2017-04-05,1369.790039,1381.339966,1350.959961,1352.140015,1352.140015
2017-04-06,1351.959961,1364.52002,1349.339966,1364.430054,1364.430054
2017-04-07,1363.839966,1367.5,1358.01001,1364.560059,1364.560059
2017-04-10,1364.76001,1376.560059,1361.540039,1367.089966,1367.089966
2017-04-11,1366.469971,1377.22998,1360.540039,1376.949951,1376.949951
2017-04-12,1376.859985,1376.859985,1358.150024,1359.199951,1359.199951
2017-04-13,1358.609985,1361.319946,1345.23999,1345.23999,1345.23999
2017-04-17,1345.359985,1361.25,1345.359985,1361.180054,1361.180054
2017-04-18,1359.890015,1362.48999,1351.420044,1361.890015,1361.890015
2017-04-19,1362.319946,1376.689941,1362.319946,1367.130005,1367.130005
2017-04-20,1368.390015,1384.579956,1368.390015,1384.150024,1384.150024
2017-04-21,1381.5,1383.130005,1376.369995,1379.849976,1379.849976
2017-04-24,1380.530029,1399.959961,1380.530029,1397.939941,1397.939941
2017-04-25,1400.099976,1415.550049,1400.099976,1411.079956,1411.079956
2017-04-26,1411.050049,1425.699951,1409.829956,1419.430054,1419.430054
2017-04-27,1419.569946,1423.52002,1413.680054,1417.130005,1417.130005
2017-04-28,1417.75,1419.209961,1399.75,1400.430054,1400.430054
2017-05-01,1401.01001,1411.040039,1397.079956,1407.359985,1407.359985
2017-05-02,1407.540039,1409.050049,1395.630005,1399.359985,1399.359985
2017-05-03,1399.130005,1399.130005,1386.319946,1390.920044,1390.920044
2017-05-04,1391.170044,1394.160034,1380.48999,1388.849976,1388.849976
2017-05-05,1389.209961,1397.209961,1385.199951,1397.0,1397.0
2017-05-08,1396.400024,1397.430054,1386.420044,1391.640015,1391.640015
2017-05-09,1392.310059,1395.47998,1386.72998,1391.859985,1391.859985
2017-05-10,1392.030029,1400.810059,1390.439941,1399.589966,1399.589966
2017-05-11,1399.199951,1399.199951,1379.150024,1390.199951,1390.199951
2017-05-12,1389.390015,1389.390015,1380.02002,1382.77002,1382.77002
2017-05-15,1383.27002,1398.98999,1383.27002,1393.920044,1393.920044
2017-05-16,1394.569946,1396.359985,1384.819946,1394.680054,1394.680054
2017-05-17,1388.300049,1388.300049,1355.849976,1355.890015,1355.890015
2017-05-18,1354.930054,1365.01001,1351.01001,1361.079956,1361.079956
2017-05-19,1361.530029,1374.420044,1361.530029,1367.329956,1367.329956
2017-05-22,1367.880005,1378.300049,1367.880005,1377.140015,1377.140015
2017-05-23,1378.23999,1383.079956,1372.050049,1380.97998,1380.97998
2017-05-24,1381.160034,1386.069946,1376.550049,1382.51001,1382.51001
2017-05-25,1384.810059,1391.420044,1380.329956,1383.390015,1383.390015
2017-05-26,1383.140015,1383.680054,1376.150024,1382.23999,1382.23999
2017-05-30,1381.170044,1381.170044,1370.959961,1371.189941,1371.189941
2017-05-31,1372.199951,1374.430054,1354.849976,1370.209961,1370.209961
2017-06-01,1370.329956,1396.199951,1370.329956,1396.060059,1396.060059
2017-06-02,1396.079956,1414.959961,1396.040039,1405.390015,1405.390015
2017-06-05,1405.140015,1405.140015,1396.439941,1396.449951,1396.449951
2017-06-06,1395.050049,1401.790039,1386.699951,1394.900024,1394.900024
2017-06-07,1395.530029,1400.410034,1392.199951,1396.670044,1396.670044
2017-06-08,1396.780029,1419.319946,1394.689941,1415.609985,1415.609985
2017-06-09,1416.150024,1433.790039,1413.609985,1421.709961,1421.709961
2017-06-12,1421.099976,1426.099976,1415.589966,1419.209961,1419.209961
2017-06-13,1420.060059,1427.550049,1420.060059,1425.98999,1425.98999
2017-06-14,1426.030029,1426.130005,1411.400024,1417.569946,1417.569946
2017-06-15,1415.469971,1415.469971,1402.52002,1410.079956,1410.079956
2017-06-16,1407.219971,1407.219971,1399.26001,1406.72998,1406.72998
2017-06-19,1407.069946,1420.189941,1407.069946,1418.079956,1418.079956
2017-06-20,1417.76001,1417.76001,1402.790039,1402.969971,1402.969971
2017-06-21,1403.329956,1411.880005,1398.459961,1399.25,1399.25
2017-06-22,1399.369995,1408.339966,1396.869995,1404.540039,1404.540039
2017-06-23,1404.780029,1415.77002,1402.77002,1414.780029,1414.780029
2017-06-26,1415.119995,1420.77002,1409.150024,1416.640015,1416.640015
2017-06-27,1416.349976,1420.609985,1403.380005,1403.52002,1403.52002
2017-06-28,1404.459961,1426.329956,1404.459961,1425.27002,1425.27002
2017-06-29,1425.48999,1428.030029,1403.02002,1416.199951,1416.199951
2017-06-30,1416.72998,1420.98999,1413.290039,1415.359985,1415.359985
2017-07-03,1416.469971,1429.369995,1416.469971,1426.680054,1426.680054
2017-07-05,1426.530029,1426.530029,1412.619995,1420.150024,1420.150024
2017-07-06,1418.859985,1418.859985,1398.829956,1400.810059,1400.810059
2017-07-07,1401.349976,1416.680054,1401.349976,1415.839966,1415.839966
2017-07-10,1415.280029,1418.050049,1405.75,1408.469971,1408.469971
2017-07-11,1408.609985,1413.469971,1402.630005,1413.050049,1413.050049
2017-07-12,1414.339966,1431.339966,1414.339966,1424.319946,1424.319946
2017-07-13,1424.530029,1425.73999,1416.27002,1425.660034,1425.660034
2017-07-14,1425.469971,1432.969971,1424.099976,1428.819946,1428.819946
2017-07-17,1428.780029,1434.449951,1425.969971,1431.599976,1431.599976
2017-07-18,1431.109985,1431.109985,1422.48999,1427.609985,1427.609985
2017-07-19,1428.280029,1441.77002,1428.280029,1441.77002,1441.77002
2017-07-20,1442.160034,1445.060059,1438.959961,1442.349976,1442.349976
2017-07-21,1443.369995,1452.050049,1433.829956,1435.839966,1435.839966
2017-07-24,1435.819946,1438.599976,1431.339966,1438.050049,1438.050049
2017-07-25,1438.859985,1452.089966,1438.859985,1450.390015,1450.390015
2017-07-26,1450.579956,1452.02002,1441.25,1442.280029,1442.280029
2017-07-27,1442.26001,1446.630005,1427.689941,1433.619995,1433.619995
2017-07-28,1432.589966,1432.589966,1425.800049,1429.26001,1429.26001
2017-07-31,1429.459961,1432.459961,1420.660034,1425.140015,1425.140015
2017-08-01,1426.030029,1430.660034,1420.819946,1428.329956,1428.329956
2017-08-02,1428.030029,1428.030029,1408.52002,1412.900024,1412.900024
2017-08-03,1413.089966,1414.719971,1402.390015,1405.22998,1405.22998
2017-08-04,1405.140015,1413.040039,1405.140015,1412.319946,1412.319946
2017-08-07,1412.400024,1417.420044,1408.619995,1414.170044,1414.170044
2017-08-08,1413.930054,1426.290039,1407.569946,1410.150024,1410.150024
2017-08-09,1409.780029,1409.780029,1393.23999,1396.949951,1396.949951
2017-08-10,1396.599976,1396.599976,1372.540039,1372.540039,1372.540039
2017-08-11,1372.26001,1376.369995,1368.329956,1374.22998,1374.22998
2017-08-14,1375.130005,1394.530029,1375.130005,1394.310059,1394.310059
2017-08-15,1394.699951,1395.880005,1382.949951,1383.23999,1383.23999
2017-08-16,1384.180054,1391.680054,1381.900024,1383.530029,1383.530029
2017-08-17,1383.069946,1384.73999,1358.800049,1358.939941,1358.939941
2017-08-18,1357.01001,1362.339966,1349.349976,1357.790039,1357.790039
2017-08-21,1357.73999,1358.089966,1351.199951,1356.900024,1356.900024
2017-08-22,1357.890015,1372.329956,1357.890015,1371.540039,1371.540039
2017-08-23,1370.680054,1373.280029,1363.170044,1369.73999,1369.73999
2017-08-24,1370.160034,1377.050049,1370.160034,1373.880005,1373.880005
2017-08-25,1374.380005,1380.599976,1373.530029,1377.449951,1377.449951
2017-08-28,1377.76001,1382.530029,1377.060059,1382.22998,1382.22998
2017-08-29,1381.310059,1385.189941,1371.800049,1383.680054,1383.680054
2017-08-30,1383.209961,1392.77002,1381.199951,1391.319946,1391.319946
2017-08-31,1392.040039,1406.439941,1392.040039,1405.280029,1405.280029
2017-09-01,1405.819946,1413.869995,1405.819946,1413.569946,1413.569946
2017-09-05,1413.300049,1414.550049,1394.51001,1399.660034,1399.660034
2017-09-06,1400.01001,1406.02002,1399.27002,1402.199951,1402.199951
2017-09-07,1402.459961,1404.310059,1393.880005,1398.670044,1398.670044
2017-09-08,1398.189941,1403.530029,1394.430054,1399.430054,1399.430054
2017-09-11,1400.560059,1415.75,1400.560059,1414.829956,1414.829956
2017-09-12,1415.339966,1423.930054,1415.180054,1423.459961,1423.459961
2017-09-13,1423.300049,1428.73999,1421.880005,1426.890015,1426.890015
2017-09-14,1426.569946,1427.920044,1421.630005,1425.02002,1425.02002
2017-09-15,1425.349976,1431.98999,1422.25,1431.709961,1431.709961
2017-09-18,1431.75,1444.27002,1431.75,1441.079956,1441.079956
2017-09-19,1441.189941,1442.579956,1438.290039,1440.400024,1440.400024
2017-09-20,1440.47998,1446.47998,1440.0,1445.420044,1445.420044
2017-09-21,1445.199951,1448.839966,1441.689941,1444.180054,1444.180054
2017-09-22,1443.469971,1451.51001,1441.859985,1450.780029,1450.780029
2017-09-25,1450.630005,1455.219971,1445.02002,1451.959961,1451.959961
2017-09-26,1452.25,1460.949951,1452.25,1456.859985,1456.859985
2017-09-27,1457.27002,1487.949951,1457.27002,1484.810059,1484.810059
2017-09-28,1484.800049,1489.349976,1478.199951,1488.790039,1488.790039
2017-09-29,1488.800049,1493.560059,1488.800049,1490.859985,1490.859985
2017-10-02,1491.050049,1509.47998,1491.050049,1509.469971,1509.469971
2017-10-03,1509.939941,1512.26001,1503.52002,1511.969971,1511.969971
2017-10-04,1512.0,1514.77002,1505.069946,1507.76001,1507.76001
2017-10-05,1508.339966,1514.939941,1508.339966,1512.089966,1512.089966
2017-10-06,1511.410034,1511.410034,1506.410034,1510.219971,1510.219971
2017-10-09,1510.410034,1513.300049,1501.77002,1503.560059,1503.560059
2017-10-10,1504.109985,1511.329956,1503.920044,1508.01001,1508.01001
2017-10-11,1507.910034,1510.619995,1505.140015,1506.920044,1506.920044
2017-10-12,1506.459961,1508.430054,1501.140015,1505.160034,1505.160034
2017-10-13,1505.459961,1508.219971,1502.22998,1502.660034,1502.660034
2017-10-16,1502.969971,1511.290039,1499.640015,1502.680054,1502.680054
2017-10-17,1502.530029,1505.800049,1495.900024,1497.5,1497.5
2017-10-18,1497.97998,1507.839966,1497.97998,1505.140015,1505.140015
2017-10-19,1502.969971,1505.140015,1491.380005,1502.040039,1502.040039
2017-10-20,1504.719971,1512.75,1504.719971,1509.25,1509.25
2017-10-23,1509.670044,1511.47998,1497.339966,1497.48999,1497.48999
2017-10-24,1498.189941,1505.569946,1498.189941,1500.420044,1500.420044
2017-10-25,1500.25,1500.420044,1482.530029,1493.47998,1493.47998
2017-10-26,1494.109985,1501.359985,1494.109985,1497.459961,1497.459961
2017-10-27,1497.540039,1508.319946,1493.48999,1508.319946,1508.319946
2017-10-30,1507.47998,1507.47998,1484.819946,1490.900024,1490.900024
2017-10-31,1491.439941,1506.780029,1491.439941,1502.530029,1502.530029
2017-11-01,1504.540039,1512.400024,1485.130005,1492.780029,1492.780029
2017-11-02,1492.900024,1499.939941,1487.72998,1496.550049,1496.550049
2017-11-03,1496.319946,1497.140015,1490.660034,1494.910034,1494.910034
2017-11-06,1495.030029,1501.48999,1494.73999,1497.959961,1497.959961
2017-11-07,1497.97998,1498.0,1476.719971,1479.089966,1479.089966
2017-11-08,1477.949951,1482.859985,1469.339966,1481.72998,1481.72998
2017-11-09,1481.290039,1481.619995,1463.48999,1475.02002,1475.02002
2017-11-10,1474.920044,1479.109985,1473.140015,1475.27002,1475.27002
2017-11-13,1474.439941,1476.680054,1466.089966,1475.069946,1475.069946
2017-11-14,1474.27002,1474.27002,1465.380005,1471.26001,1471.26001
2017-11-15,1470.900024,1470.900024,1454.170044,1464.089966,1464.089966
2017-11-16,1464.969971,1490.969971,1464.969971,1486.880005,1486.880005
2017-11-17,1485.699951,1496.859985,1481.089966,1492.819946,1492.819946
2017-11-20,1492.930054,1503.400024,1492.930054,1503.400024,1503.400024
2017-11-21,1503.449951,1519.530029,1503.449951,1518.890015,1518.890015
2017-11-22,1518.97998,1524.180054,1516.76001,1516.76001,1516.76001
2017-11-24,1517.410034,1521.380005,1516.52002,1519.160034,1519.160034
2017-11-27,1519.170044,1522.030029,1513.189941,1513.310059,1513.310059
2017-11-28,1514.150024,1536.630005,1514.150024,1536.430054,1536.430054
2017-11-29,1536.819946,1547.27002,1536.819946,1542.300049,1542.300049
2017-11-30,1542.619995,1551.689941,1541.209961,1544.140015,1544.140015
2017-12-01,1544.099976,1544.920044,1498.780029,1537.02002,1537.02002
2017-12-04,1539.27002,1559.609985,1531.72998,1532.410034,1532.410034
2017-12-05,1532.719971,1534.01001,1516.75,1516.76001,1516.76001
2017-12-06,1516.359985,1516.540039,1508.130005,1508.880005,1508.880005
2017-12-07,1508.930054,1524.0,1508.150024,1520.469971,1520.469971
2017-12-08,1521.780029,1529.0,1520.880005,1521.719971,1521.719971
2017-12-11,1522.099976,1527.469971,1518.300049,1519.839966,1519.839966
2017-12-12,1520.060059,1525.109985,1515.949951,1516.119995,1516.119995
2017-12-13,1516.189941,1532.380005,1516.079956,1524.449951,1524.449951
2017-12-14,1524.540039,1527.0,1504.890015,1506.949951,1506.949951
2017-12-15,1507.680054,1538.060059,1507.680054,1530.420044,1530.420044
2017-12-18,1530.810059,1552.319946,1530.810059,1548.920044,1548.920044
2017-12-19,1549.319946,1552.209961,1535.910034,1536.75,1536.75
2017-12-20,1538.73999,1544.349976,1536.22998,1540.079956,1540.079956
2017-12-21,1540.459961,1551.209961,1540.459961,1547.109985,1547.109985
2017-12-22,1547.23999,1548.25,1541.699951,1542.930054,1542.930054
2017-12-26,1542.73999,1546.589966,1541.209961,1544.22998,1544.22998
2017-12-27,1544.390015,1550.619995,1541.949951,1543.939941,1543.939941
2017-12-28,1544.050049,1549.040039,1542.52002,1548.930054,1548.930054
2017-12-29,1549.060059,1551.939941,1535.51001,1535.51001,1535.51001
2018-01-02,1536.119995,1550.300049,1536.119995,1550.01001,1550.01001
2018-01-03,1550.280029,1555.079956,1547.589966,1552.579956,1552.579956
2018-01-04,1552.97998,1560.839966,1552.369995,1555.719971,1555.719971
2018-01-05,1555.869995,1560.069946,1552.130005,1560.01001,1560.01001
2018-01-08,1559.800049,1562.98999,1548.22998,1561.810059,1561.810059
2018-01-09,1562.219971,1565.579956,1558.859985,1560.099976,1560.099976
2018-01-10,1559.01001,1561.910034,1551.52002,1559.800049,1559.800049
2018-01-11,1560.219971,1586.790039,1560.219971,1586.790039,1586.790039
2018-01-12,1587.119995,1598.180054,1587.119995,1591.969971,1591.969971
2018-01-16,1592.910034,1604.02002,1570.75,1572.969971,1572.969971
2018-01-17,1573.72998,1589.130005,1573.72998,1586.660034,1586.660034
2018-01-18,1586.310059,1586.310059,1576.410034,1576.72998,1576.72998
2018-01-19,1576.5,1597.630005,1575.319946,1597.630005,1597.630005
2018-01-22,1598.140015,1605.170044,1595.550049,1605.170044,1605.170044
2018-01-23,1604.939941,1612.550049,1599.209961,1610.709961,1610.709961
2018-01-24,1611.689941,1615.52002,1595.939941,1601.77002,1601.77002
2018-01-25,1601.589966,1607.790039,1594.420044,1601.670044,1601.670044
2018-01-26,1602.969971,1608.060059,1599.5,1608.060059,1608.060059
2018-01-29,1607.810059,1607.949951,1597.880005,1598.109985,1598.109985
2018-01-30,1595.640015,1595.640015,1579.48999,1582.819946,1582.819946
2018-01-31,1584.709961,1594.27002,1571.26001,1574.97998,1574.97998
2018-02-01,1574.72998,1582.280029,1568.849976,1579.869995,1579.869995
2018-02-02,1577.030029,1577.030029,1547.060059,1547.27002,1547.27002
2018-02-05,1544.939941,1547.030029,1491.060059,1491.089966,1491.089966
2018-02-06,1486.849976,1512.97998,1461.449951,1507.170044,1507.170044
2018-02-07,1506.660034,1517.0,1503.319946,1507.969971,1507.969971
2018-02-08,1508.449951,1511.209961,1463.73999,1463.790039,1463.790039
2018-02-09,1467.719971,1487.579956,1436.430054,1477.839966,1477.839966
2018-02-12,1479.109985,1498.109985,1466.880005,1490.97998,1490.97998
2018-02-13,1489.660034,1497.02002,1481.939941,1494.949951,1494.949951
2018-02-14,1492.76001,1523.890015,1483.290039,1522.099976,1522.099976
2018-02-15,1524.180054,1537.77002,1516.880005,1537.199951,1537.199951
2018-02-16,1536.319946,1551.51001,1532.219971,1543.550049,1543.550049
2018-02-20,1542.380005,1546.430054,1527.560059,1529.98999,1529.98999
2018-02-21,1530.47998,1555.280029,1530.47998,1531.839966,1531.839966
2018-02-22,1532.790039,1548.290039,1529.199951,1529.98999,1529.98999
2018-02-23,1531.349976,1549.189941,1531.349976,1549.189941,1549.189941
2018-02-26,1550.089966,1560.73999,1544.98999,1559.329956,1559.329956
2018-02-27,1559.27002,1564.630005,1536.469971,1536.469971,1536.469971
2018-02-28,1536.800049,1543.75,1512.449951,1512.449951,1512.449951
2018-03-01,1512.069946,1522.469971,1494.290039,1507.390015,1507.390015
2018-03-02,1506.810059,1535.199951,1494.0,1533.170044,1533.170044
2018-03-05,1531.98999,1550.76001,1525.079956,1546.050049,1546.050049
2018-03-06,1546.719971,1562.199951,1538.630005,1562.199951,1562.199951
2018-03-07,1560.969971,1576.72998,1550.469971,1574.530029,1574.530029
2018-03-08,1575.650024,1580.48999,1564.589966,1571.969971,1571.969971
2018-03-09,1573.189941,1597.300049,1573.189941,1597.140015,1597.140015
2018-03-12,1597.290039,1603.790039,1594.109985,1601.060059,1601.060059
2018-03-13,1601.650024,1609.050049,1590.109985,1592.050049,1592.050049
2018-03-14,1592.459961,1598.329956,1582.640015,1584.310059,1584.310059
2018-03-15,1584.400024,1588.02002,1572.160034,1576.619995,1576.619995
2018-03-16,1576.579956,1588.920044,1575.410034,1586.050049,1586.050049
2018-03-19,1585.829956,1585.829956,1553.900024,1570.560059,1570.560059
2018-03-20,1570.849976,1575.780029,1566.75,1570.410034,1570.410034
2018-03-21,1570.400024,1587.73999,1570.400024,1579.300049,1579.300049
2018-03-22,1576.589966,1576.589966,1543.869995,1543.869995,1543.869995
2018-03-23,1544.310059,1548.72998,1510.079956,1510.079956,1510.079956
2018-03-26,1513.540039,1543.810059,1513.540039,1543.719971,1543.719971
2018-03-27,1544.449951,1547.709961,1508.939941,1513.569946,1513.569946
2018-03-28,1513.800049,1521.349976,1505.640015,1513.030029,1513.030029
2018-03-29,1513.310059,1540.02002,1513.310059,1529.430054,1529.430054
2018-04-02,1529.140015,1529.140015,1482.900024,1492.530029,1492.530029
2018-04-03,1493.869995,1514.560059,1493.869995,1512.150024,1512.150024
2018-04-04,1508.599976,1534.569946,1491.689941,1531.660034,1531.660034
2018-04-05,1532.949951,1545.280029,1532.949951,1542.930054,1542.930054
2018-04-06,1540.01001,1541.069946,1502.630005,1513.300049,1513.300049
2018-04-09,1513.900024,1533.939941,1513.900024,1514.459961,1514.459961
2018-04-10,1517.050049,1548.079956,1517.050049,1543.430054,1543.430054
2018-04-11,1542.459961,1551.369995,1535.76001,1546.800049,1546.800049
2018-04-12,1548.030029,1562.459961,1548.030029,1557.329956,1557.329956
2018-04-13,1558.109985,1563.75,1545.060059,1549.51001,1549.51001
2018-04-16,1550.560059,1566.400024,1550.51001,1563.030029,1563.030029
2018-04-17,1564.869995,1582.98999,1564.869995,1579.800049,1579.800049
2018-04-18,1580.180054,1592.040039,1580.180054,1583.560059,1583.560059
2018-04-19,1582.819946,1582.949951,1569.160034,1573.819946,1573.819946
2018-04-20,1573.530029,1574.23999,1561.719971,1564.119995,1564.119995
2018-04-23,1564.420044,1571.469971,1556.27002,1562.119995,1562.119995
2018-04-24,1562.390015,1574.47998,1542.300049,1553.280029,1553.280029
2018-04-25,1553.0,1556.089966,1539.949951,1550.469971,1550.469971
2018-04-26,1550.920044,1562.5,1550.310059,1557.890015,1557.890015
2018-04-27,1557.949951,1562.97998,1549.47998,1556.23999,1556.23999
2018-04-30,1556.670044,1563.650024,1541.880005,1541.880005,1541.880005
2018-05-01,1541.77002,1550.859985,1527.709961,1550.329956,1550.329956
2018-05-02,1550.449951,1565.369995,1548.920044,1554.910034,1554.910034
2018-05-03,1554.339966,1554.339966,1532.310059,1546.560059,1546.560059
2018-05-04,1545.829956,1572.77002,1540.369995,1565.599976,1565.599976
2018-05-07,1565.719971,1586.410034,1565.719971,1578.949951,1578.949951
2018-05-08,1578.670044,1586.589966,1576.890015,1586.390015,1586.390015
2018-05-09,1586.73999,1598.76001,1584.170044,1596.050049,1596.050049
2018-05-10,1596.540039,1609.449951,1596.540039,1603.709961,1603.709961
2018-05-11,1603.869995,1609.359985,1599.910034,1606.790039,1606.790039
2018-05-14,1607.390015,1614.23999,1599.72998,1600.339966,1600.339966
2018-05-15,1599.599976,1603.160034,1592.099976,1600.339966,1600.339966
2018-05-16,1601.030029,1620.640015,1601.030029,1616.369995,1616.369995
2018-05-17,1616.219971,1627.319946,1615.459961,1625.290039,1625.290039
2018-05-18,1626.060059,1630.329956,1624.22998,1626.630005,1626.630005
2018-05-21,1627.77002,1639.040039,1627.77002,1637.439941,1637.439941
2018-05-22,1637.650024,1639.890015,1625.23999,1625.23999,1625.23999
2018-05-23,1624.920044,1629.400024,1618.560059,1627.609985,1627.609985
2018-05-24,1627.219971,1630.310059,1616.589966,1628.219971,1628.219971
2018-05-25,1627.930054,1628.72998,1623.329956,1626.930054,1626.930054
2018-05-29,1625.569946,1628.47998,1611.319946,1623.650024,1623.650024
2018-05-30,1624.030029,1651.109985,1624.030029,1647.98999,1647.98999
2018-05-31,1647.969971,1649.72998,1632.25,1633.609985,1633.609985
2018-06-01,1635.400024,1650.5,1635.400024,1647.97998,1647.97998
2018-06-04,1649.199951,1655.709961,1641.219971,1653.369995,1653.369995
2018-06-05,1653.689941,1664.689941,1652.76001,1664.630005,1664.630005
2018-06-06,1665.199951,1676.180054,1664.449951,1675.949951,1675.949951
2018-06-07,1676.52002,1679.9899899999998,1660.890015,1667.77002,1667.77002
2018-06-08,1667.609985,1674.069946,1665.72998,1672.48999,1672.48999
2018-06-11,1672.5,1677.680054,1671.26001,1674.680054,1674.680054
2018-06-12,1674.939941,1686.369995,1674.939941,1682.300049,1682.300049
2018-06-13,1682.719971,1684.839966,1673.920044,1676.540039,1676.540039
2018-06-14,1677.030029,1684.72998,1674.530029,1684.719971,1684.719971
2018-06-15,1684.2399899999998,1684.630005,1672.98999,1683.910034,1683.910034
2018-06-18,1683.5100100000002,1692.459961,1674.410034,1692.459961,1692.459961
2018-06-19,1692.0100100000002,1694.0,1672.660034,1693.449951,1693.449951
2018-06-20,1694.040039,1708.0999760000002,1694.040039,1706.9899899999998,1706.9899899999998
2018-06-21,1706.9899899999998,1708.02002,1685.589966,1688.949951,1688.949951
2018-06-22,1690.280029,1696.369995,1680.910034,1685.5799559999998,1685.5799559999998
2018-06-25,1684.7600100000002,1684.7600100000002,1649.810059,1657.51001,1657.51001
2018-06-26,1657.709961,1672.160034,1656.119995,1668.530029,1668.530029
2018-06-27,1668.939941,1671.469971,1640.420044,1640.449951,1640.449951
2018-06-28,1640.369995,1647.939941,1630.060059,1645.02002,1645.02002
2018-06-29,1645.900024,1656.050049,1642.969971,1643.069946,1643.069946
2018-07-02,1641.72998,1655.089966,1631.060059,1655.089966,1655.089966
2018-07-03,1655.400024,1667.52002,1655.400024,1660.420044,1660.420044
2018-07-05,1660.650024,1679.660034,1660.650024,1679.47998,1679.47998
2018-07-06,1679.449951,1695.180054,1678.569946,1694.050049,1694.050049
2018-07-09,1694.660034,1704.839966,1694.660034,1704.5999760000002,1704.5999760000002
2018-07-10,1704.8299559999998,1708.560059,1689.3499760000002,1695.619995,1695.619995
2018-07-11,1694.060059,1696.02002,1683.0999760000002,1683.660034,1683.660034
2018-07-12,1685.1700440000002,1692.430054,1679.2600100000002,1690.280029,1690.280029
2018-07-13,1690.290039,1697.4000239999998,1686.880005,1687.0799559999998,1687.0799559999998
2018-07-16,1687.060059,1688.4000239999998,1672.420044,1678.540039,1678.540039
2018-07-17,1678.0,1690.040039,1676.099976,1687.2600100000002,1687.2600100000002
2018-07-18,1687.140015,1692.02002,1679.22998,1691.869995,1691.869995
2018-07-19,1691.199951,1702.890015,1686.2600100000002,1701.310059,1701.310059
2018-07-20,1701.1500239999998,1703.430054,1696.040039,1696.810059,1696.810059
2018-07-23,1696.4200440000002,1701.969971,1690.530029,1698.410034,1698.410034
2018-07-24,1700.0999760000002,1706.8299559999998,1675.01001,1680.199951,1680.199951
2018-07-25,1680.339966,1685.4200440000002,1675.050049,1685.199951,1685.199951
2018-07-26,1685.2399899999998,1702.930054,1684.75,1695.359985,1695.359985
2018-07-27,1695.25,1697.300049,1660.430054,1663.339966,1663.339966
2018-07-30,1663.390015,1669.5,1652.72998,1653.130005,1653.130005
2018-07-31,1653.569946,1675.650024,1653.569946,1670.800049,1670.800049
2018-08-01,1670.869995,1673.22998,1657.540039,1669.26001,1669.26001
2018-08-02,1668.98999,1682.300049,1662.329956,1682.0999760000002,1682.0999760000002
2018-08-03,1682.0799559999998,1687.300049,1668.349976,1673.369995,1673.369995
2018-08-06,1673.25,1684.800049,1671.98999,1684.310059,1684.310059
2018-08-07,1684.859985,1694.359985,1684.859985,1688.300049,1688.300049
2018-08-08,1688.680054,1689.339966,1677.670044,1686.880005,1686.880005
2018-08-09,1687.050049,1696.75,1686.430054,1690.890015,1690.890015
2018-08-10,1689.319946,1695.790039,1680.77002,1686.800049,1686.800049
2018-08-13,1686.810059,1689.0999760000002,1670.619995,1675.319946,1675.319946
2018-08-14,1676.189941,1694.959961,1676.189941,1692.5799559999998,1692.5799559999998
2018-08-15,1691.5999760000002,1691.5999760000002,1663.530029,1670.670044,1670.670044
2018-08-16,1691.5999760000002,1691.5999760000002,1663.530029,1685.75,1685.75
2018-08-17,1685.449951,1693.709961,1679.969971,1692.949951,1692.949951
2018-08-20,1693.790039,1701.130005,1690.180054,1698.689941,1698.689941
2018-08-21,1698.910034,1722.290039,1698.910034,1718.050049,1718.050049
2018-08-22,1717.75,1723.0100100000002,1715.800049,1722.540039,1722.540039
2018-08-23,1722.300049,1723.410034,1712.9200440000002,1717.050049,1717.050049
2018-08-24,1718.359985,1726.969971,1718.359985,1725.6700440000002,1725.6700440000002
2018-08-27,1727.3299559999998,1737.630005,1727.3299559999998,1728.410034,1728.410034
2018-08-28,1729.069946,1733.449951,1722.359985,1728.4200440000002,1728.4200440000002
2018-08-29,1729.050049,1737.02002,1724.72998,1734.75,1734.75
2018-08-30,1734.3499760000002,1740.660034,1728.8499760000002,1732.3499760000002,1732.3499760000002
2018-08-31,1731.4899899999998,1742.089966,1728.410034,1740.75,1740.75
2018-09-04,1740.800049,1740.800049,1722.199951,1733.380005,1733.380005
2018-09-05,1732.72998,1732.72998,1713.689941,1727.6500239999998,1727.6500239999998
2018-09-06,1728.25,1731.4200440000002,1713.810059,1714.469971,1714.469971
2018-09-07,1713.8299559999998,1722.619995,1706.640015,1713.180054,1713.180054
2018-09-10,1714.890015,1723.810059,1714.4899899999998,1717.469971,1717.469971
2018-09-11,1717.140015,1723.459961,1710.310059,1718.4000239999998,1718.4000239999998
2018-09-12,1718.25,1718.949951,1704.069946,1715.699951,1715.699951
2018-09-13,1716.949951,1722.619995,1711.939941,1714.319946,1714.319946
2018-09-14,1714.4899899999998,1726.0,1712.810059,1721.719971,1721.719971
2018-09-17,1721.660034,1722.280029,1702.709961,1703.550049,1703.550049
2018-09-18,1704.219971,1714.9200440000002,1704.219971,1710.969971,1710.969971
2018-09-19,1710.880005,1717.089966,1700.5100100000002,1702.930054,1702.930054
2018-09-20,1704.709961,1720.209961,1704.709961,1720.180054,1720.180054
2018-09-21,1720.1500239999998,1724.380005,1710.969971,1712.319946,1712.319946
2018-09-24,1711.6700440000002,1711.7399899999998,1697.7600100000002,1705.319946,1705.319946
2018-09-25,1705.4899899999998,1712.0799559999998,1705.4899899999998,1708.810059,1708.810059
2018-09-26,1709.069946,1710.839966,1690.9200440000002,1691.609985,1691.609985
2018-09-27,1691.72998,1697.1700440000002,1689.7399899999998,1690.530029,1690.530029
2018-09-28,1689.839966,1699.780029,1686.9899899999998,1696.569946,1696.569946
2018-10-01,1697.8299559999998,1703.810059,1669.819946,1672.98999,1672.98999
2018-10-02,1672.97998,1674.869995,1653.339966,1656.040039,1656.040039
2018-10-03,1656.310059,1677.170044,1656.310059,1671.290039,1671.290039
2018-10-04,1671.0,1671.0,1643.660034,1646.910034,1646.910034
2018-10-05,1647.25,1651.530029,1618.140015,1632.109985,1632.109985
2018-10-08,1631.199951,1633.859985,1616.660034,1629.52002,1629.52002
2018-10-09,1628.060059,1635.98999,1621.25,1621.869995,1621.869995
2018-10-10,1621.410034,1621.410034,1575.25,1575.410034,1575.410034
2018-10-11,1575.099976,1580.890015,1545.380005,1545.380005,1545.380005
2018-10-12,1546.849976,1567.640015,1530.97998,1546.680054,1546.680054
2018-10-15,1546.680054,1562.300049,1537.550049,1553.089966,1553.089966
2018-10-16,1554.48999,1598.01001,1554.109985,1596.839966,1596.839966
2018-10-17,1596.380005,1596.380005,1571.51001,1589.599976,1589.599976
2018-10-18,1588.73999,1588.73999,1555.569946,1560.75,1560.75
2018-10-19,1560.640015,1569.810059,1538.73999,1542.040039,1542.040039
2018-10-22,1542.420044,1551.359985,1535.780029,1539.5,1539.5
2018-10-23,1536.930054,1537.160034,1501.040039,1526.589966,1526.589966
2018-10-24,1526.560059,1527.709961,1468.459961,1468.699951,1468.699951
2018-10-25,1470.530029,1506.780029,1470.530029,1500.400024,1500.400024
2018-10-26,1500.150024,1501.300049,1459.160034,1483.819946,1483.819946
2018-10-29,1485.199951,1513.280029,1461.650024,1477.310059,1477.310059
2018-10-30,1476.969971,1507.160034,1474.800049,1506.640015,1506.640015
2018-10-31,1508.819946,1526.329956,1508.819946,1511.410034,1511.410034
2018-11-01,1512.680054,1547.140015,1512.680054,1544.97998,1544.97998
2018-11-02,1546.130005,1557.180054,1535.959961,1547.97998,1547.97998
2018-11-05,1548.339966,1554.77002,1534.76001,1547.51001,1547.51001
2018-11-06,1547.099976,1558.859985,1544.650024,1556.099976,1556.099976
2018-11-07,1556.27002,1582.160034,1556.27002,1582.160034,1582.160034
2018-11-08,1581.619995,1586.170044,1573.150024,1578.209961,1578.209961
2018-11-09,1577.040039,1577.040039,1539.920044,1549.48999,1549.48999
2018-11-12,1549.01001,1549.01001,1518.040039,1518.790039,1518.790039
2018-11-13,1519.98999,1536.709961,1513.300049,1514.800049,1514.800049
2018-11-14,1516.079956,1530.619995,1494.920044,1502.51001,1502.51001
2018-11-15,1502.329956,1524.290039,1491.660034,1524.119995,1524.119995
2018-11-16,1523.75,1530.0,1510.410034,1527.530029,1527.530029
2018-11-19,1527.329956,1527.329956,1492.949951,1496.540039,1496.540039
2018-11-20,1496.140015,1496.140015,1465.25,1469.01001,1469.01001
2018-11-21,1469.449951,1499.369995,1469.449951,1488.280029,1488.280029
2018-11-23,1485.72998,1498.650024,1476.810059,1488.680054,1488.680054
2018-11-26,1489.099976,1510.290039,1489.099976,1505.959961,1505.959961
2018-11-27,1505.449951,1505.449951,1491.27002,1492.859985,1492.859985
2018-11-28,1493.670044,1530.709961,1486.339966,1530.380005,1530.380005
2018-11-29,1529.699951,1534.619995,1514.569946,1525.390015,1525.390015
2018-11-30,1524.869995,1535.130005,1519.98999,1533.27002,1533.27002
2018-12-03,1536.329956,1553.339966,1529.530029,1548.959961,1548.959961
2018-12-04,1548.109985,1548.109985,1479.910034,1480.75,1480.75
2018-12-06,1479.160034,1479.160034,1442.829956,1477.410034,1477.410034
2018-12-07,1477.51001,1485.630005,1440.849976,1448.089966,1448.089966
2018-12-10,1448.01001,1449.930054,1422.97998,1443.099976,1443.099976
2018-12-11,1444.290039,1465.76001,1431.880005,1440.130005,1440.130005
2018-12-12,1440.699951,1471.959961,1440.699951,1455.319946,1455.319946
2018-12-13,1455.680054,1460.550049,1431.680054,1432.699951,1432.699951
2018-12-14,1431.819946,1435.390015,1407.109985,1410.810059,1410.810059
2018-12-17,1410.77002,1417.099976,1372.72998,1378.140015,1378.140015
2018-12-18,1379.48999,1399.430054,1373.719971,1377.180054,1377.180054
2018-12-19,1377.209961,1392.920044,1344.150024,1349.22998,1349.22998
2018-12-20,1348.650024,1350.890015,1313.02002,1326.0,1326.0
2018-12-21,1325.869995,1334.76001,1289.48999,1292.089966,1292.089966
2018-12-24,1290.540039,1290.920044,1266.920044,1266.920044,1266.920044
2018-12-26,1268.189941,1330.420044,1268.189941,1329.810059,1329.810059
2018-12-27,1329.790039,1331.97998,1289.319946,1331.819946,1331.819946
2018-12-28,1332.060059,1356.22998,1326.439941,1337.920044,1337.920044
2018-12-31,1338.52002,1348.560059,1329.170044,1348.560059,1348.560059
2019-01-02,1346.109985,1357.77002,1325.180054,1355.910034,1355.910034
2019-01-03,1355.02002,1355.02002,1328.0,1330.829956,1330.829956
2019-01-04,1333.099976,1383.160034,1333.099976,1380.75,1380.75
2019-01-07,1380.839966,1411.900024,1380.839966,1405.369995,1405.369995
2019-01-08,1405.869995,1426.550049,1404.01001,1426.550049,1426.550049
2019-01-09,1427.0,1442.420044,1427.0,1438.810059,1438.810059
2019-01-10,1436.97998,1445.780029,1424.540039,1445.430054,1445.430054
2019-01-11,1444.439941,1448.280029,1437.449951,1447.380005,1447.380005
2019-01-14,1446.5,1446.5,1431.310059,1432.810059,1432.810059
2019-01-15,1432.849976,1445.219971,1432.130005,1445.219971,1445.219971
2019-01-16,1445.910034,1460.310059,1445.910034,1454.699951,1454.699951
2019-01-17,1453.829956,1470.839966,1448.550049,1467.25,1467.25
2019-01-18,1466.689941,1487.209961,1466.689941,1482.5,1482.5
2019-01-22,1479.819946,1479.819946,1451.01001,1457.449951,1457.449951
2019-01-23,1457.72998,1468.47998,1444.969971,1454.26001,1454.26001
2019-01-24,1454.22998,1465.339966,1453.72998,1464.410034,1464.410034
2019-01-25,1466.790039,1484.599976,1466.790039,1482.849976,1482.849976
2019-01-28,1480.280029,1480.280029,1464.77002,1473.540039,1473.540039
2019-01-29,1473.540039,1477.01001,1469.310059,1471.449951,1471.449951
2019-01-30,1473.380005,1490.51001,1467.569946,1486.939941,1486.939941
2019-01-31,1486.640015,1500.73999,1484.819946,1499.420044,1499.420044
2019-02-01,1499.530029,1504.51001,1495.469971,1502.050049,1502.050049
2019-02-04,1501.969971,1517.550049,1500.130005,1517.540039,1517.540039
2019-02-05,1517.920044,1524.209961,1512.719971,1520.22998,1520.22998
2019-02-06,1520.170044,1520.890015,1511.180054,1518.02002,1518.02002
2019-02-07,1516.699951,1516.699951,1494.369995,1505.630005,1505.630005
2019-02-08,1504.170044,1506.599976,1495.119995,1506.390015,1506.390015
2019-02-11,1506.819946,1519.209961,1505.670044,1518.97998,1518.97998
2019-02-12,1520.140015,1538.890015,1520.140015,1538.22998,1538.22998
2019-02-13,1538.290039,1545.73999,1536.25,1542.939941,1542.939941
2019-02-14,1540.98999,1551.390015,1534.589966,1545.109985,1545.109985
2019-02-15,1547.119995,1570.160034,1547.119995,1569.25,1569.25
2019-02-19,1568.540039,1578.22998,1564.849976,1574.469971,1574.469971
2019-02-20,1574.550049,1583.339966,1573.959961,1581.660034,1581.660034
2019-02-21,1581.310059,1581.310059,1569.420044,1575.550049,1575.550049
2019-02-22,1576.310059,1590.099976,1576.310059,1590.060059,1590.060059
2019-02-25,1591.619995,1602.099976,1588.810059,1588.810059,1588.810059
2019-02-26,1588.560059,1589.26001,1577.430054,1577.47998,1577.47998
2019-02-27,1577.199951,1582.060059,1570.599976,1581.050049,1581.050049
2019-02-28,1580.76001,1581.98999,1571.310059,1575.550049,1575.550049
2019-03-01,1577.5,1590.290039,1576.130005,1589.640015,1589.640015
2019-03-04,1590.150024,1594.23999,1564.47998,1575.439941,1575.439941
2019-03-05,1575.689941,1575.849976,1567.670044,1568.280029,1568.280029
2019-03-06,1568.310059,1568.439941,1536.819946,1536.819946,1536.819946
2019-03-07,1536.76001,1536.969971,1521.609985,1523.630005,1523.630005
2019-03-08,1522.530029,1523.23999,1510.650024,1521.880005,1521.880005
2019-03-11,1522.800049,1548.930054,1522.800049,1548.880005,1548.880005
2019-03-12,1549.030029,1555.300049,1545.51001,1549.829956,1549.829956
2019-03-13,1550.27002,1562.670044,1550.27002,1555.880005,1555.880005
2019-03-14,1555.869995,1555.869995,1549.209961,1549.640015,1549.640015
2019-03-15,1550.5,1563.589966,1550.130005,1553.540039,1553.540039
2019-03-18,1553.660034,1569.060059,1552.680054,1563.930054,1563.930054
2019-03-19,1565.530029,1570.890015,1552.660034,1554.98999,1554.98999
2019-03-20,1554.719971,1561.73999,1535.410034,1543.160034,1543.160034
2019-03-21,1541.829956,1569.349976,1538.359985,1562.410034,1562.410034
2019-03-22,1561.969971,1561.969971,1505.880005,1505.920044,1505.920044
2019-03-25,1505.869995,1520.48999,1494.98999,1512.859985,1512.859985
2019-03-26,1513.76001,1535.869995,1513.76001,1528.170044,1528.170044
2019-03-27,1527.969971,1530.050049,1505.76001,1522.22998,1522.22998
2019-03-28,1522.890015,1536.439941,1520.119995,1535.099976,1535.099976
2019-03-29,1536.609985,1546.97998,1532.22998,1539.73999,1539.73999
2019-04-01,1542.890015,1556.400024,1542.890015,1556.060059,1556.060059
2019-04-02,1556.079956,1556.130005,1545.550049,1553.319946,1553.319946
2019-04-03,1554.880005,1568.400024,1554.880005,1560.910034,1560.910034
2019-04-04,1561.069946,1567.5,1558.359985,1567.48999,1567.48999
2019-04-05,1568.22998,1582.609985,1568.22998,1582.560059,1582.560059
2019-04-08,1581.349976,1581.349976,1571.209961,1579.0,1579.0
2019-04-09,1577.51001,1577.51001,1558.390015,1559.680054,1559.680054
2019-04-10,1560.02002,1581.650024,1560.02002,1581.550049,1581.550049
2019-04-11,1581.930054,1583.72998,1577.369995,1579.140015,1579.140015
2019-04-12,1581.380005,1589.72998,1580.22998,1584.800049,1584.800049
2019-04-15,1585.170044,1587.97998,1574.72998,1579.170044,1579.170044
2019-04-16,1580.26001,1585.430054,1579.48999,1582.790039,1582.790039
2019-04-17,1584.130005,1588.599976,1561.569946,1567.599976,1567.599976
2019-04-18,1567.089966,1569.199951,1556.109985,1565.75,1565.75
2019-04-22,1565.219971,1565.219971,1554.459961,1560.040039,1560.040039
2019-04-23,1560.530029,1587.579956,1560.530029,1585.089966,1585.089966
2019-04-24,1585.109985,1594.030029,1583.359985,1588.130005,1588.130005
2019-04-25,1587.050049,1587.050049,1565.459961,1575.609985,1575.609985
2019-04-26,1575.660034,1591.25,1574.060059,1589.900024,1589.900024
2019-04-29,1591.930054,1603.079956,1591.930054,1598.359985,1598.359985
2019-04-30,1598.550049,1600.290039,1580.900024,1591.209961,1591.209961
2019-05-01,1593.47998,1595.849976,1576.130005,1576.380005,1576.380005
2019-05-02,1576.0,1587.920044,1566.459961,1582.650024,1582.650024
2019-05-03,1584.01001,1614.02002,1584.01001,1614.02002,1614.02002
2019-05-06,1611.680054,1618.369995,1588.839966,1614.97998,1614.97998
2019-05-07,1611.469971,1611.469971,1571.48999,1582.310059,1582.310059
2019-05-08,1581.589966,1587.349976,1574.849976,1574.969971,1574.969971
2019-05-09,1573.339966,1573.339966,1546.849976,1570.060059,1570.060059
2019-05-10,1570.0,1575.079956,1546.140015,1572.98999,1572.98999
2019-05-13,1571.51001,1571.51001,1520.280029,1523.0,1523.0
2019-05-14,1523.810059,1547.839966,1523.810059,1543.060059,1543.060059
2019-05-15,1541.550049,1550.02002,1529.439941,1548.27002,1548.27002
2019-05-16,1548.27002,1567.170044,1548.27002,1557.23999,1557.23999
2019-05-17,1555.02002,1557.550049,1534.689941,1535.76001,1535.76001
2019-05-20,1530.25,1533.359985,1521.630005,1524.959961,1524.959961
2019-05-21,1529.819946,1545.97998,1529.819946,1545.25,1545.25
2019-05-22,1542.579956,1542.579956,1528.359985,1531.630005,1531.630005
2019-05-23,1525.069946,1525.069946,1493.47998,1501.380005,1501.380005
2019-05-24,1505.880005,1516.660034,1505.76001,1514.109985,1514.109985
2019-05-28,1514.98999,1520.219971,1503.810059,1504.02002,1504.02002
2019-05-29,1503.530029,1503.530029,1481.420044,1489.949951,1489.949951
2019-05-30,1491.849976,1500.630005,1478.0,1485.530029,1485.530029
2019-05-31,1478.530029,1478.530029,1461.469971,1465.48999,1465.48999
2019-06-03,1465.880005,1476.849976,1460.48999,1469.97998,1469.97998
2019-06-04,1475.319946,1508.650024,1475.319946,1508.560059,1508.560059
2019-06-05,1510.099976,1514.25,1494.079956,1506.790039,1506.790039
2019-06-06,1506.349976,1508.540039,1490.77002,1499.290039,1499.290039
2019-06-07,1504.680054,1518.920044,1504.680054,1514.390015,1514.390015
2019-06-10,1516.619995,1535.640015,1516.619995,1523.560059,1523.560059
2019-06-11,1525.030029,1536.160034,1513.209961,1519.109985,1519.109985
2019-06-12,1518.640015,1522.0,1512.400024,1519.790039,1519.790039
2019-06-13,1520.52002,1536.02002,1520.52002,1535.800049,1535.800049
2019-06-14,1535.319946,1535.319946,1522.420044,1522.5,1522.5
2019-06-17,1523.25,1538.579956,1523.25,1532.75,1532.75
2019-06-18,1532.869995,1560.180054,1532.869995,1550.22998,1550.22998
2019-06-19,1550.459961,1556.449951,1547.589966,1555.579956,1555.579956
2019-06-20,1560.310059,1570.73999,1556.079956,1563.48999,1563.48999
2019-06-21,1561.880005,1561.880005,1546.130005,1549.630005,1549.630005
2019-06-24,1550.099976,1551.650024,1530.079956,1530.079956,1530.079956
2019-06-25,1530.98999,1533.23999,1520.5,1521.040039,1521.040039
2019-06-26,1523.26001,1530.130005,1520.040039,1521.890015,1521.890015
2019-06-27,1518.880005,1546.550049,1518.880005,1546.550049,1546.550049
2019-06-28,1548.119995,1568.599976,1548.119995,1566.569946,1566.569946
2019-07-01,1574.650024,1586.77002,1562.780029,1566.569946,1566.569946
2019-07-02,1569.530029,1569.530029,1552.930054,1560.540039,1560.540039
2019-07-03,1562.189941,1572.119995,1562.189941,1572.119995,1572.119995
2019-07-05,1571.109985,1575.790039,1559.579956,1575.619995,1575.619995
2019-07-08,1574.22998,1574.22998,1559.02002,1561.390015,1561.390015
2019-07-09,1559.01001,1562.72998,1554.119995,1562.589966,1562.589966
2019-07-10,1564.650024,1572.819946,1558.800049,1565.050049,1565.050049
2019-07-11,1565.459961,1567.949951,1552.400024,1557.920044,1557.920044
2019-07-12,1558.650024,1574.47998,1558.650024,1570.0,1570.0
2019-07-15,1570.72998,1573.880005,1558.780029,1561.819946,1561.819946
2019-07-16,1561.48999,1569.619995,1558.23999,1562.0,1562.0
2019-07-17,1561.75,1561.75,1547.76001,1550.780029,1550.780029
2019-07-18,1550.319946,1557.400024,1546.02002,1555.619995,1555.619995
2019-07-19,1554.920044,1561.560059,1547.640015,1547.900024,1547.900024
2019-07-22,1549.72998,1554.290039,1543.560059,1544.780029,1544.780029
2019-07-23,1546.119995,1555.199951,1544.76001,1554.959961,1554.959961
2019-07-24,1554.089966,1581.630005,1550.569946,1580.420044,1580.420044
2019-07-25,1580.209961,1580.209961,1560.650024,1561.449951,1561.449951
2019-07-26,1561.930054,1581.530029,1561.930054,1578.969971,1578.969971
2019-07-29,1578.900024,1580.02002,1565.630005,1569.030029,1569.030029
2019-07-30,1567.650024,1586.319946,1557.969971,1585.599976,1585.599976
2019-07-31,1586.76001,1599.400024,1568.400024,1574.609985,1574.609985
2019-08-01,1574.930054,1587.810059,1546.550049,1550.76001,1550.76001
2019-08-02,1550.459961,1550.459961,1522.369995,1533.660034,1533.660034
2019-08-05,1532.390015,1532.390015,1472.660034,1487.410034,1487.410034
2019-08-06,1487.680054,1502.859985,1483.400024,1502.089966,1502.089966
2019-08-07,1501.530029,1504.589966,1478.449951,1500.689941,1500.689941
2019-08-08,1502.319946,1533.5,1502.319946,1532.130005,1532.130005
2019-08-09,1530.959961,1530.959961,1509.959961,1513.040039,1513.040039
2019-08-12,1512.76001,1512.76001,1495.630005,1495.900024,1495.900024
2019-08-13,1493.410034,1522.77002,1490.0,1510.579956,1510.579956
2019-08-14,1509.579956,1509.579956,1465.459961,1467.52002,1467.52002
2019-08-15,1467.579956,1470.939941,1456.280029,1461.650024,1461.650024
2019-08-16,1462.130005,1494.680054,1462.130005,1493.640015,1493.640015
2019-08-19,1496.619995,1515.339966,1496.619995,1508.849976,1508.849976
2019-08-20,1508.630005,1508.630005,1497.77002,1498.01001,1498.01001
2019-08-21,1498.540039,1512.079956,1498.540039,1509.849976,1509.849976
2019-08-22,1510.800049,1516.469971,1500.369995,1506.0,1506.0
2019-08-23,1504.300049,1505.680054,1456.900024,1459.48999,1459.48999
2019-08-26,1461.589966,1476.339966,1461.589966,1476.0,1476.0
2019-08-27,1479.459961,1485.670044,1454.910034,1456.040039,1456.040039
2019-08-28,1455.900024,1478.030029,1450.319946,1472.709961,1472.709961
2019-08-29,1478.47998,1498.780029,1478.47998,1496.719971,1496.719971
2019-08-30,1499.069946,1504.449951,1488.339966,1494.839966,1494.839966
2019-09-03,1494.030029,1494.030029,1467.469971,1472.280029,1472.280029
2019-09-04,1475.359985,1487.939941,1475.359985,1484.76001,1484.76001
2019-09-05,1491.27002,1521.790039,1491.27002,1510.75,1510.75
2019-09-06,1511.51001,1517.01001,1504.910034,1505.170044,1505.170044
2019-09-09,1507.530029,1526.099976,1506.77002,1524.22998,1524.22998
2019-09-10,1523.569946,1543.630005,1516.560059,1541.609985,1541.609985
2019-09-11,1543.869995,1575.829956,1541.880005,1575.709961,1575.709961
2019-09-12,1575.800049,1580.719971,1562.810059,1575.069946,1575.069946
2019-09-13,1579.22998,1589.449951,1577.109985,1578.140015,1578.140015
2019-09-16,1574.72998,1590.5,1570.5,1584.599976,1584.599976
2019-09-17,1582.369995,1582.369995,1569.410034,1578.290039,1578.290039
2019-09-18,1577.550049,1577.550049,1557.150024,1568.339966,1568.339966
2019-09-19,1570.76001,1581.349976,1560.920044,1561.469971,1561.469971
2019-09-20,1561.630005,1570.02002,1554.25,1559.76001,1559.76001
2019-09-23,1556.920044,1563.640015,1552.449951,1558.25,1558.25
2019-09-24,1559.47998,1562.630005,1530.329956,1533.589966,1533.589966
2019-09-25,1533.140015,1552.939941,1530.699951,1550.650024,1550.650024
2019-09-26,1549.540039,1549.540039,1531.040039,1533.329956,1533.329956
2019-09-27,1534.119995,1539.369995,1515.640015,1520.47998,1520.47998
2019-09-30,1521.48999,1530.660034,1518.339966,1523.369995,1523.369995
2019-10-01,1523.849976,1539.089966,1491.550049,1493.430054,1493.430054
2019-10-02,1493.069946,1493.069946,1469.079956,1479.630005,1479.630005
2019-10-03,1476.439941,1487.349976,1462.219971,1486.349976,1486.349976
2019-10-04,1486.569946,1500.77002,1482.02002,1500.699951,1500.699951
2019-10-07,1498.709961,1507.329956,1492.609985,1497.790039,1497.790039
2019-10-08,1494.609985,1494.609985,1472.550049,1472.599976,1472.599976
2019-10-09,1480.0,1484.829956,1476.51001,1479.459961,1479.459961
2019-10-10,1480.709961,1491.569946,1480.709961,1485.359985,1485.359985
2019-10-11,1486.959961,1525.829956,1486.959961,1511.900024,1511.900024
2019-10-14,1507.329956,1508.619995,1499.97998,1505.430054,1505.430054
2019-10-15,1508.540039,1528.420044,1507.800049,1523.300049,1523.300049
2019-10-16,1521.47998,1529.599976,1520.410034,1525.060059,1525.060059
2019-10-17,1530.180054,1542.660034,1530.180054,1541.839966,1541.839966
2019-10-18,1539.23999,1540.719971,1525.469971,1535.47998,1535.47998
2019-10-21,1541.72998,1557.02002,1541.72998,1552.410034,1552.410034
2019-10-22,1550.77002,1557.890015,1547.310059,1550.869995,1550.869995
2019-10-23,1550.589966,1554.680054,1545.890015,1552.859985,1552.859985
2019-10-24,1556.599976,1557.329956,1544.890015,1548.48999,1548.48999
2019-10-25,1548.98999,1562.560059,1547.780029,1558.709961,1558.709961
2019-10-28,1563.5,1576.98999,1563.5,1571.930054,1571.930054
2019-10-29,1571.76001,1581.130005,1569.459961,1577.069946,1577.069946
2019-10-30,1575.609985,1575.609985,1562.050049,1572.849976,1572.849976
2019-10-31,1570.189941,1570.47998,1552.869995,1562.449951,1562.449951
2019-11-01,1569.199951,1589.329956,1569.199951,1589.329956,1589.329956
2019-11-04,1597.099976,1602.060059,1593.73999,1597.400024,1597.400024
2019-11-05,1598.939941,1608.800049,1597.930054,1599.609985,1599.609985
2019-11-06,1598.420044,1598.420044,1587.02002,1589.540039,1589.540039
2019-11-07,1598.25,1607.410034,1590.329956,1593.98999,1593.98999
2019-11-08,1590.959961,1598.930054,1587.5,1598.859985,1598.859985
2019-11-11,1592.75,1595.439941,1588.310059,1594.77002,1594.77002
2019-11-12,1595.619995,1604.640015,1593.410034,1595.119995,1595.119995
2019-11-13,1588.290039,1591.849976,1581.060059,1589.180054,1589.180054
2019-11-14,1587.349976,1594.709961,1586.680054,1588.790039,1588.790039
2019-11-15,1594.060059,1598.199951,1591.040039,1596.449951,1596.449951
2019-11-18,1594.109985,1594.109985,1588.550049,1592.339966,1592.339966
2019-11-19,1594.959961,1602.959961,1592.040039,1598.290039,1598.290039
2019-11-20,1593.439941,1602.709961,1581.97998,1591.609985,1591.609985
2019-11-21,1594.099976,1595.609985,1581.040039,1583.959961,1583.959961
2019-11-22,1588.890015,1591.310059,1581.810059,1588.939941,1588.939941
2019-11-25,1594.48999,1623.98999,1594.48999,1621.900024,1621.900024
2019-11-26,1621.900024,1630.280029,1619.949951,1624.22998,1624.22998
2019-11-27,1626.800049,1634.77002,1626.800049,1634.099976,1634.099976
2019-11-29,1630.160034,1633.589966,1623.920044,1624.5,1624.5
2019-12-02,1626.560059,1627.339966,1606.630005,1607.579956,1607.579956
2019-12-03,1602.76001,1603.079956,1589.72998,1602.630005,1602.630005
2019-12-04,1607.680054,1618.380005,1607.680054,1613.900024,1613.900024
2019-12-05,1617.170044,1620.839966,1611.800049,1614.829956,1614.829956
2019-12-06,1620.920044,1637.900024,1620.920044,1633.839966,1633.839966
2019-12-09,1631.469971,1636.439941,1629.619995,1629.619995,1629.619995
2019-12-10,1629.099976,1633.73999,1626.369995,1631.709961,1631.709961
2019-12-11,1633.430054,1634.430054,1626.73999,1631.930054,1631.930054
2019-12-12,1631.800049,1654.069946,1629.859985,1644.810059,1644.810059
2019-12-13,1643.829956,1650.189941,1632.650024,1637.97998,1637.97998
2019-12-16,1647.199951,1658.619995,1647.199951,1649.939941,1649.939941
2019-12-17,1650.589966,1657.699951,1649.630005,1657.560059,1657.560059
2019-12-18,1660.48999,1663.390015,1654.72998,1661.72998,1661.72998
2019-12-19,1662.52002,1667.22998,1660.619995,1667.089966,1667.089966
2019-12-20,1670.599976,1674.430054,1668.859985,1671.900024,1671.900024
2019-12-23,1673.97998,1675.310059,1666.189941,1674.140015,1674.140015
2019-12-24,1676.22998,1678.089966,1673.73999,1678.0100100000002,1678.0100100000002
2019-12-26,1680.219971,1680.359985,1675.099976,1677.670044,1677.670044
2019-12-27,1681.25,1681.680054,1666.430054,1669.030029,1669.030029
2019-12-30,1669.880005,1670.219971,1658.050049,1664.150024,1664.150024
2019-12-31,1660.050049,1673.339966,1659.829956,1668.469971,1668.469971
2020-01-02,1675.900024,1678.140015,1653.52002,1666.77002,1666.77002
2020-01-03,1655.02002,1664.040039,1648.540039,1660.869995,1660.869995
2020-01-06,1650.660034,1664.849976,1645.51001,1663.26001,1663.26001
2020-01-07,1659.72998,1662.099976,1653.329956,1658.310059,1658.310059
2020-01-08,1658.469971,1669.290039,1658.22998,1663.589966,1663.589966
2020-01-09,1669.859985,1671.819946,1663.780029,1664.98999,1664.98999
2020-01-10,1665.469971,1666.75,1654.01001,1657.640015,1657.640015
2020-01-13,1658.97998,1669.609985,1652.319946,1669.609985,1669.609985
2020-01-14,1668.390015,1684.339966,1662.859985,1675.73999,1675.73999
2020-01-15,1673.689941,1688.119995,1673.400024,1682.4000239999998,1682.4000239999998
2020-01-16,1691.819946,1706.1700440000002,1691.819946,1705.219971,1705.219971
2020-01-17,1712.930054,1715.0799559999998,1697.689941,1699.640015,1699.640015
2020-01-21,1695.449951,1695.449951,1684.2600100000002,1685.9000239999998,1685.9000239999998
2020-01-22,1691.069946,1694.369995,1682.939941,1684.459961,1684.459961
2020-01-23,1680.540039,1687.8499760000002,1666.469971,1685.0100100000002,1685.0100100000002
2020-01-24,1687.810059,1689.1500239999998,1653.189941,1662.22998,1662.22998
2020-01-27,1660.819946,1660.819946,1632.26001,1644.140015,1644.140015
2020-01-28,1651.130005,1661.189941,1651.130005,1658.310059,1658.310059
2020-01-29,1661.079956,1663.77002,1649.0,1649.219971,1649.219971
2020-01-30,1641.469971,1648.430054,1630.939941,1648.219971,1648.219971
2020-01-31,1643.689941,1643.689941,1610.640015,1614.060059,1614.060059
2020-02-03,1618.800049,1636.880005,1618.800049,1632.209961,1632.209961
2020-02-04,1644.420044,1661.0,1644.420044,1656.77002,1656.77002
2020-02-05,1667.949951,1682.959961,1667.380005,1681.9200440000002,1681.9200440000002
2020-02-06,1685.439941,1689.1700440000002,1677.290039,1677.459961,1677.459961
2020-02-07,1673.530029,1673.530029,1654.310059,1656.780029,1656.780029
2020-02-10,1654.920044,1667.699951,1653.670044,1667.670044,1667.670044
2020-02-11,1674.5,1686.0100100000002,1674.0,1677.51001,1677.51001
2020-02-12,1684.390015,1690.060059,1683.02002,1689.380005,1689.380005
2020-02-13,1684.5799559999998,1696.540039,1680.380005,1693.7399899999998,1693.7399899999998
2020-02-14,1694.869995,1695.1700440000002,1683.469971,1687.5799559999998,1687.5799559999998
2020-02-18,1686.030029,1687.380005,1674.599976,1683.52002,1683.52002
2020-02-19,1685.3299559999998,1698.160034,1685.3299559999998,1692.569946,1692.569946
2020-02-20,1689.4200440000002,1698.910034,1677.619995,1696.069946,1696.069946
2020-02-21,1694.72998,1694.72998,1673.199951,1678.609985,1678.609985
2020-02-24,1676.650024,1676.650024,1620.140015,1628.099976,1628.099976
2020-02-25,1630.869995,1633.109985,1568.969971,1571.900024,1571.900024
2020-02-26,1572.27002,1588.319946,1551.390015,1552.76001,1552.76001
2020-02-27,1545.25,1553.97998,1495.890015,1497.869995,1497.869995
2020-02-28,1496.829956,1496.829956,1448.209961,1476.430054,1476.430054
2020-03-02,1476.589966,1518.51001,1463.060059,1518.48999,1518.48999
2020-03-03,1518.52002,1539.73999,1472.73999,1486.079956,1486.079956
2020-03-04,1500.150024,1531.199951,1494.579956,1531.199951,1531.199951
2020-03-05,1522.849976,1522.849976,1462.920044,1478.819946,1478.819946
2020-03-06,1476.630005,1476.630005,1417.27002,1449.219971,1449.219971
2020-03-09,1396.23999,1396.23999,1310.76001,1313.439941,1313.439941
2020-03-10,1329.880005,1351.47998,1288.930054,1350.900024,1350.900024
2020-03-11,1349.23999,1349.23999,1249.280029,1264.300049,1264.300049
2020-03-12,1253.869995,1253.869995,1121.719971,1122.930054,1122.930054
2020-03-13,1153.76001,1210.130005,1109.390015,1210.130005,1210.130005
2020-03-16,1174.969971,1174.969971,1035.189941,1037.420044,1037.420044
2020-03-17,1043.869995,1106.680054,1011.9500119999999,1106.51001,1106.51001
2020-03-18,1057.650024,1062.880005,966.2199710000001,991.159973,991.159973
2020-03-19,988.7100220000001,1069.150024,968.8599849999999,1058.75,1058.75
2020-03-20,1064.719971,1087.719971,1009.5300289999999,1013.8900150000001,1013.8900150000001
2020-03-23,1014.080017,1017.8900150000001,966.419983,1002.400024,1002.400024
2020-03-24,1041.069946,1096.540039,1041.069946,1096.540039,1096.540039
2020-03-25,1100.140015,1146.810059,1075.849976,1110.369995,1110.369995
2020-03-26,1116.300049,1180.319946,1116.300049,1180.319946,1180.319946
2020-03-27,1163.920044,1163.920044,1125.680054,1131.98999,1131.98999
2020-03-30,1134.140015,1158.640015,1119.949951,1158.319946,1158.319946
2020-03-31,1155.680054,1164.630005,1130.339966,1153.099976,1153.099976
2020-04-01,1127.72998,1127.72998,1064.599976,1071.98999,1071.98999
2020-04-02,1071.459961,1102.359985,1055.599976,1085.810059,1085.810059
2020-04-03,1082.900024,1082.900024,1035.390015,1052.050049,1052.050049
2020-04-06,1085.880005,1139.930054,1085.880005,1138.780029,1138.780029
2020-04-07,1158.170044,1190.97998,1133.550049,1139.170044,1139.170044
2020-04-08,1151.01001,1197.170044,1147.26001,1191.660034,1191.660034
2020-04-09,1212.660034,1250.130005,1212.660034,1246.72998,1246.72998
2020-04-13,1240.910034,1240.939941,1200.920044,1212.040039,1212.040039
2020-04-14,1232.319946,1251.880005,1224.150024,1237.329956,1237.329956
2020-04-15,1221.709961,1221.709961,1176.030029,1183.97998,1183.97998
2020-04-16,1185.099976,1187.839966,1154.52002,1178.089966,1178.089966
2020-04-17,1191.849976,1231.930054,1191.849976,1229.099976,1229.099976
2020-04-20,1220.630005,1233.859985,1202.219971,1213.349976,1213.349976
